"","fecha","contrato","carteramodelo","reporto","id","tipo","emisora","serie","tot","precio","tit","mon","perc"
"1","2018-04-16","52182","CG-CM-AGRESIVO-0","D","52-+CIEQUS-C-2","52","+CIEQUS","C-2",3e+07,1.144281,18352135,20999999.39,0.699999979666667
"2","2018-04-16","52182","CG-CM-AGRESIVO-0","D","52-AXESEDM-M1","52","AXESEDM","M1",3e+07,2.327391,3866990,8999997.72,0.299999924
"3","2018-04-16","52182","CG-CM-AGRESIVO-0","E","EFECTIVO","","EFECTIVO","",3e+07,1,-29999875.12,-29999875.12,-0.999995837333333
"4","2018-04-16","52182","CG-CM-AGRESIVO-0","R","REPORTO","","REPORTO","",3e+07,1,29999878.01,29999878.01,0.999995933666667
"5","2018-04-17","52182","CG-CM-AGRESIVO-0","D","51-+CIGUB-C-4","51","+CIGUB","C-4",30005871.9,1.182932,25365677,30005871.02,0.999999970672407
"6","2018-04-17","52182","CG-CM-AGRESIVO-0","D","52-+CIEQUS-C-2","52","+CIEQUS","C-2",30005871.9,1.145767,18349135,21023833.36,0.700657305678893
"7","2018-04-17","52182","CG-CM-AGRESIVO-0","D","52-AXESEDM-M1","52","AXESEDM","M1",30005871.9,2.322504,3866990,8981099.74,0.299311407111619
"8","2018-04-17","52182","CG-CM-AGRESIVO-0","E","EFECTIVO","","EFECTIVO","",30005871.9,1,-30004932.23,-30004932.23,-0.999968683796187
"9","2018-04-18","52182","CG-CM-AGRESIVO-0","D","51-+CIGUB-C-4","51","+CIGUB","C-4",30424611.51,1.183111,7592813,8983140.58,0.295259006907858
"10","2018-04-18","52182","CG-CM-AGRESIVO-0","D","52-+CIEQUS-C-2","52","+CIEQUS","C-2",30424611.51,1.166642,18349135,21406871.55,0.703603776270535
"11","2018-04-18","52182","CG-CM-AGRESIVO-0","D","52-AXESEDM-M1","52","AXESEDM","M1",30424611.51,2.330546,3866990,9012198.08,0.296214072512902
"12","2018-04-18","52182","CG-CM-AGRESIVO-0","E","EFECTIVO","","EFECTIVO","",30424611.51,1,-8977598.7,-8977598.7,-0.295076855691296
"13","2018-04-19","52182","CG-CM-AGRESIVO-0","D","51-+CIGUB-C-4","51","+CIGUB","C-4",30574372.65,1.183294,5857,6930.55,0.000226678404143805
"14","2018-04-19","52182","CG-CM-AGRESIVO-0","D","52-+CIEQUS-C-2","52","+CIEQUS","C-2",30574372.65,1.171809,18349135,21501681.54,0.703258306757113
"15","2018-04-19","52182","CG-CM-AGRESIVO-0","D","52-AXESEDM-M1","52","AXESEDM","M1",30574372.65,2.344397,3866990,9065759.76,0.296514988673038
"16","2018-04-19","52182","CG-CM-AGRESIVO-0","E","EFECTIVO","","EFECTIVO","",30574372.65,1,0.81,0.81,2.64927758051644e-08
"17","2018-04-20","52182","CG-CM-AGRESIVO-0","D","51-+CIGUB-C-4","51","+CIGUB","C-4",31136471.87,1.183515,5857,6931.85,0.000222627985243211
"18","2018-04-20","52182","CG-CM-AGRESIVO-0","D","52-+CIEQUS-C-2","52","+CIEQUS","C-2",31136471.87,1.197008,18349135,21964061.39,0.705412658238982
"19","2018-04-20","52182","CG-CM-AGRESIVO-0","D","52-AXESEDM-M1","52","AXESEDM","M1",31136471.87,2.370184,3866990,9165477.83,0.294364688082433
"20","2018-04-20","52182","CG-CM-AGRESIVO-0","E","EFECTIVO","","EFECTIVO","",31136471.87,1,0.81,0.81,2.60145081106776e-08
"21","2018-04-23","52182","CG-CM-AGRESIVO-0","D","51-+CIGUB-C-4","51","+CIGUB","C-4",31042698.21,1.184039,5857,6934.92,0.000223399395023143
"22","2018-04-23","52182","CG-CM-AGRESIVO-0","D","52-+CIEQUS-C-2","52","+CIEQUS","C-2",31042698.21,1.19175,18349135,21867581.64,0.704435596805037
"23","2018-04-23","52182","CG-CM-AGRESIVO-0","D","52-AXESEDM-M1","52","AXESEDM","M1",31042698.21,2.370883,3866990,9168180.85,0.295340978028984
"24","2018-04-23","52182","CG-CM-AGRESIVO-0","E","EFECTIVO","","EFECTIVO","",31042698.21,1,0.81,0.81,2.60930926339086e-08
"25","2018-04-24","52182","CG-CM-AGRESIVO-0","D","51-+CIGUB-C-4","51","+CIGUB","C-4",31392380.13,1.184209,5857,6935.91,0.000220942469837504
"26","2018-04-24","52182","CG-CM-AGRESIVO-0","D","52-+CIEQUS-C-2","52","+CIEQUS","C-2",31392380.13,1.204596,18349135,22103294.62,0.704097444299137
"27","2018-04-24","52182","CG-CM-AGRESIVO-0","D","52-AXESEDM-M1","52","AXESEDM","M1",31392380.13,2.400355,3866990,9282148.78,0.295681587110037
"28","2018-04-24","52182","CG-CM-AGRESIVO-0","E","EFECTIVO","","EFECTIVO","",31392380.13,1,0.81,0.81,2.58024398483225e-08
"29","2018-04-25","52182","CG-CM-AGRESIVO-0","D","51-+CIGUB-C-4","51","+CIGUB","C-4",30956584.27,1.18438,5857,6936.91,0.00022408512320019
"30","2018-04-25","52182","CG-CM-AGRESIVO-0","D","52-+CIEQUS-C-2","52","+CIEQUS","C-2",30956584.27,1.180647,18349135,21663851.19,0.699814004059693
"31","2018-04-25","52182","CG-CM-AGRESIVO-0","D","52-AXESEDM-M1","52","AXESEDM","M1",30956584.27,2.401298,3866990,9285795.35,0.299961884328397
"32","2018-04-25","52182","CG-CM-AGRESIVO-0","E","EFECTIVO","","EFECTIVO","",30956584.27,1,0.81,0.81,2.61656774835126e-08
"33","2018-04-26","52182","CG-CM-AGRESIVO-0","D","51-+CIGUB-C-4","51","+CIGUB","C-4",30865191.72,1.184554,5857,6937.93,0.000224781691393297
"34","2018-04-26","52182","CG-CM-AGRESIVO-0","D","52-+CIEQUS-C-2","52","+CIEQUS","C-2",30865191.72,1.180554,18349135,21662144.72,0.701830881742535
"35","2018-04-26","52182","CG-CM-AGRESIVO-0","D","52-AXESEDM-M1","52","AXESEDM","M1",30865191.72,2.378105,3866990,9196108.25,0.297944309998927
"36","2018-04-26","52182","CG-CM-AGRESIVO-0","E","EFECTIVO","","EFECTIVO","",30865191.72,1,0.81,0.81,2.62431546626401e-08
"37","2018-04-27","52182","CG-CM-AGRESIVO-0","D","51-+CIGUB-C-4","51","+CIGUB","C-4",31147415.49,1.184729,5857,6938.96,0.000222778034415978
"38","2018-04-27","52182","CG-CM-AGRESIVO-0","D","52-+CIEQUS-C-2","52","+CIEQUS","C-2",31147415.49,1.196517,18349135,21955051.96,0.704875560768397
"39","2018-04-27","52182","CG-CM-AGRESIVO-0","D","52-AXESEDM-M1","52","AXESEDM","M1",31147415.49,2.375342,3866990,9185423.76,0.294901635191819
"40","2018-04-27","52182","CG-CM-AGRESIVO-0","E","EFECTIVO","","EFECTIVO","",31147415.49,1,0.81,0.81,2.6005367933659e-08
"41","2018-04-30","52182","CG-CM-AGRESIVO-0","D","51-+CIGUB-C-4","51","+CIGUB","C-4",30930561.63,1.18525,3818,4525.28,0.000146304488555127
"42","2018-04-30","52182","CG-CM-AGRESIVO-0","D","52-+CIEQUS-C-2","52","+CIEQUS","C-2",30930561.63,1.187299,18349135,21785909.64,0.704348983397364
"43","2018-04-30","52182","CG-CM-AGRESIVO-0","D","52-AXESEDM-M1","52","AXESEDM","M1",30930561.63,2.363628,3866990,9140125.84,0.295504683986561
"44","2018-04-30","52182","CG-CM-AGRESIVO-0","E","EFECTIVO","","EFECTIVO","",30930561.63,1,0.87,0.87,2.81275202955311e-08
"45","2018-05-02","52182","CG-CM-AGRESIVO-0","D","51-+CIGUB-C-4","51","+CIGUB","C-4",31019902.8,1.185599,3818,4526.62,0.00014592631154215
"46","2018-05-02","52182","CG-CM-AGRESIVO-0","D","52-+CIEQUS-C-2","52","+CIEQUS","C-2",31019902.8,1.189946,18349135,21834479.8,0.703886144994626
"47","2018-05-02","52182","CG-CM-AGRESIVO-0","D","52-AXESEDM-M1","52","AXESEDM","M1",31019902.8,2.374171,3866990,9180895.52,0.295967900969696
"48","2018-05-02","52182","CG-CM-AGRESIVO-0","E","EFECTIVO","","EFECTIVO","",31019902.8,1,0.87,0.87,2.80465095461228e-08
"49","2018-05-03","52182","CG-CM-AGRESIVO-0","D","51-+CIGUB-C-4","51","+CIGUB","C-4",31774257.33,1.185776,3818,4527.29,0.000142482952566936
"50","2018-05-03","52182","CG-CM-AGRESIVO-0","D","52-+CIEQUS-C-2","52","+CIEQUS","C-2",31774257.33,1.222303,18349135,22428202.76,0.705860801939946
"51","2018-05-03","52182","CG-CM-AGRESIVO-0","D","52-AXESEDM-M1","52","AXESEDM","M1",31774257.33,2.41571,3866990,9341526.41,0.293996687726832
"52","2018-05-03","52182","CG-CM-AGRESIVO-0","E","EFECTIVO","","EFECTIVO","",31774257.33,1,0.87,0.87,2.73806556976103e-08
"53","2018-05-04","52182","CG-CM-AGRESIVO-0","D","51-+CIGUB-C-4","51","+CIGUB","C-4",31820903.16,1.185942,3818,4527.93,0.000142294201306384
"54","2018-05-04","52182","CG-CM-AGRESIVO-0","D","52-+CIEQUS-C-2","52","+CIEQUS","C-2",31820903.16,1.221258,18349135,22409027.91,0.704223503566955
"55","2018-05-04","52182","CG-CM-AGRESIVO-0","D","52-AXESEDM-M1","52","AXESEDM","M1",31820903.16,2.432731,3866990,9407346.45,0.29563417489122
"56","2018-05-04","52182","CG-CM-AGRESIVO-0","E","EFECTIVO","","EFECTIVO","",31820903.16,1,0.87,0.87,2.73405187660927e-08
"57","2018-05-07","52182","CG-CM-AGRESIVO-0","D","51-+CIGUB-C-4","51","+CIGUB","C-4",32399159.3,1.186467,3818,4529.93,0.000139816282208286
"58","2018-05-07","52182","CG-CM-AGRESIVO-0","D","52-+CIEQUS-C-2","52","+CIEQUS","C-2",32399159.3,1.249097,18349135,22919849.48,0.707421117559677
"59","2018-05-07","52182","CG-CM-AGRESIVO-0","D","52-AXESEDM-M1","52","AXESEDM","M1",32399159.3,2.450169,3866990,9474779.02,0.292439039305566
"60","2018-05-07","52182","CG-CM-AGRESIVO-0","E","EFECTIVO","","EFECTIVO","",32399159.3,1,0.87,0.87,2.68525486091857e-08
"61","2018-05-08","52182","CG-CM-AGRESIVO-0","D","51-+CIGUB-C-4","51","+CIGUB","C-4",33137333.8,1.186641,3818,4530.6,0.000136721922993092
"62","2018-05-08","52182","CG-CM-AGRESIVO-0","D","52-+CIEQUS-C-2","52","+CIEQUS","C-2",33137333.8,1.281533,18349135,23515022.02,0.709623235288773
"63","2018-05-08","52182","CG-CM-AGRESIVO-0","D","52-AXESEDM-M1","52","AXESEDM","M1",33137333.8,2.487149,3866990,9617780.31,0.290240016533859
"64","2018-05-08","52182","CG-CM-AGRESIVO-0","E","EFECTIVO","","EFECTIVO","",33137333.8,1,0.87,0.87,2.62543753595529e-08
"65","2018-05-09","52182","CG-CM-AGRESIVO-0","D","51-+CIGUB-C-4","51","+CIGUB","C-4",33355347.21,1.186814,3818,4531.26,0.000135848083711193
"66","2018-05-09","52182","CG-CM-AGRESIVO-0","D","52-+CIEQUS-C-2","52","+CIEQUS","C-2",33355347.21,1.290022,18349135,23670787.83,0.70965496719229
"67","2018-05-09","52182","CG-CM-AGRESIVO-0","D","52-AXESEDM-M1","52","AXESEDM","M1",33355347.21,2.503246,3866990,9680027.25,0.290209158641224
"68","2018-05-09","52182","CG-CM-AGRESIVO-0","E","EFECTIVO","","EFECTIVO","",33355347.21,1,0.87,0.87,2.6082774510564e-08
"69","2018-05-10","52182","CG-CM-AGRESIVO-0","D","51-+CIGUB-C-4","51","+CIGUB","C-4",33659679.86,1.186984,3818,4531.9,0.000134638832539389
"70","2018-05-10","52182","CG-CM-AGRESIVO-0","D","52-+CIEQUS-C-2","52","+CIEQUS","C-2",33659679.86,1.30392,18349135,23925804.11,0.710814963467095
"71","2018-05-10","52182","CG-CM-AGRESIVO-0","D","52-AXESEDM-M1","52","AXESEDM","M1",33659679.86,2.515999,3866990,9729342.97,0.289050371556327
"72","2018-05-10","52182","CG-CM-AGRESIVO-0","E","EFECTIVO","","EFECTIVO","",33659679.86,1,0.87,0.87,2.58469481474147e-08
"73","2018-05-11","52182","CG-CM-AGRESIVO-0","D","51-+CIGUB-C-4","51","+CIGUB","C-4",33267183.76,1.187169,3818,4532.61,0.000136248683768956
"74","2018-05-11","52182","CG-CM-AGRESIVO-0","D","52-+CIEQUS-C-2","52","+CIEQUS","C-2",33267183.76,1.28938,18349135,23659007.69,0.711181561405485
"75","2018-05-11","52182","CG-CM-AGRESIVO-0","D","52-AXESEDM-M1","52","AXESEDM","M1",33267183.76,2.483493,3866990,9603642.6,0.288682164059444
"76","2018-05-11","52182","CG-CM-AGRESIVO-0","E","EFECTIVO","","EFECTIVO","",33267183.76,1,0.87,0.87,2.61518981070491e-08
"77","2018-05-14","52182","CG-CM-AGRESIVO-0","D","51-+CIGUB-C-4","51","+CIGUB","C-4",33532274.45,1.187698,3818,4534.63,0.000135231805011067
"78","2018-05-14","52182","CG-CM-AGRESIVO-0","D","52-+CIEQUS-C-2","52","+CIEQUS","C-2",33532274.45,1.297709,18349135,23811837.63,0.710116984921672
"79","2018-05-14","52182","CG-CM-AGRESIVO-0","D","52-AXESEDM-M1","52","AXESEDM","M1",33532274.45,2.512523,3866990,9715901.32,0.289747757328164
"80","2018-05-14","52182","CG-CM-AGRESIVO-0","E","EFECTIVO","","EFECTIVO","",33532274.45,1,0.87,0.87,2.59451532671086e-08
"81","2018-05-15","52182","CG-CM-AGRESIVO-0","D","51-+CIGUB-C-4","51","+CIGUB","C-4",33936732.78,1.18788,3818,4535.33,0.000133640737586643
"82","2018-05-15","52182","CG-CM-AGRESIVO-0","D","52-+CIEQUS-C-2","52","+CIEQUS","C-2",33936732.78,1.313555,18349135,24102598.02,0.710221522391349
"83","2018-05-15","52182","CG-CM-AGRESIVO-0","D","52-AXESEDM-M1","52","AXESEDM","M1",33936732.78,2.541925,3866990,9829598.56,0.289644811235126
"84","2018-05-15","52182","CG-CM-AGRESIVO-0","E","EFECTIVO","","EFECTIVO","",33936732.78,1,0.87,0.87,2.56359386638633e-08
"85","2018-05-16","52182","CG-CM-AGRESIVO-0","D","51-+CIGUB-C-4","51","+CIGUB","C-4",33855860.58,1.188055,3818,4535.99,0.000133979462411881
"86","2018-05-16","52182","CG-CM-AGRESIVO-0","D","52-+CIEQUS-C-2","52","+CIEQUS","C-2",33855860.58,1.311557,18349135,24065936.45,0.710835171155469
"87","2018-05-16","52182","CG-CM-AGRESIVO-0","D","52-AXESEDM-M1","52","AXESEDM","M1",33855860.58,2.530492,3866990,9785387.26,0.289030823389573
"88","2018-05-16","52182","CG-CM-AGRESIVO-0","E","EFECTIVO","","EFECTIVO","",33855860.58,1,0.87,0.87,2.5697175765012e-08
"89","2018-05-17","52182","CG-CM-AGRESIVO-0","D","51-+CIGUB-C-4","51","+CIGUB","C-4",33790066.35,1.188234,3818,4536.68,0.000134260760337335
"90","2018-05-17","52182","CG-CM-AGRESIVO-0","D","52-+CIEQUS-C-2","52","+CIEQUS","C-2",33790066.35,1.309276,18349135,24024082.08,0.710980612797761
"91","2018-05-17","52182","CG-CM-AGRESIVO-0","D","52-AXESEDM-M1","52","AXESEDM","M1",33790066.35,2.524301,3866990,9761446.72,0.28888510069469
"92","2018-05-17","52182","CG-CM-AGRESIVO-0","E","EFECTIVO","","EFECTIVO","",33790066.35,1,0.87,0.87,2.57472119465075e-08
"93","2018-05-18","52182","CG-CM-AGRESIVO-0","D","51-+CIGUB-BE-4","51","+CIGUB","BE-4",33895805.03,1.745183,2599,4535.73,0.000133813903991529
"94","2018-05-18","52182","CG-CM-AGRESIVO-0","D","52-+CIEQUS-BE-2","52","+CIEQUS","BE-2",33895805.03,1.05,22858847,24001789.35,0.708105009713056
"96","2018-05-18","52182","CG-CM-AGRESIVO-0","D","52-AXESEDM-M1","52","AXESEDM","M1",33895805.03,2.55741,3866990,9889478.9,0.291761145405668
"97","2018-05-18","52182","CG-CM-AGRESIVO-0","E","EFECTIVO","","EFECTIVO","",33895805.03,1,1.04999999746724,1.04999999746724,3.09772845500474e-08
"98","2018-05-21","52182","CG-CM-AGRESIVO-0","D","51-+CIGUB-BE-4","51","+CIGUB","BE-4",34115877.41,1.746036,2599,4537.95,0.000133015778708064
"99","2018-05-21","52182","CG-CM-AGRESIVO-0","D","52-+CIEQUS-BE-2","52","+CIEQUS","BE-2",34115877.41,1.05,22858847,24001789.35,0.703537214111475
"101","2018-05-21","52182","CG-CM-AGRESIVO-0","D","52-AXESEDM-M1","52","AXESEDM","M1",34115877.41,2.581783,3866990,9983729.04,0.292641719865999
"102","2018-05-21","52182","CG-CM-AGRESIVO-0","E","EFECTIVO","","EFECTIVO","",34115877.41,1,125821.07,125821.07,0.00368805024381755
"103","2018-05-22","52182","CG-CM-AGRESIVO-0","D","51-+CIGUB-BE-4","51","+CIGUB","BE-4",34213237.33,1.746314,74648,130358.85,0.00381018752311096
"104","2018-05-22","52182","CG-CM-AGRESIVO-0","D","52-+CIEQUS-BE-2","52","+CIEQUS","BE-2",34213237.33,1.055489,22978053,24253082.18,0.708880073115256
"105","2018-05-22","52182","CG-CM-AGRESIVO-0","D","52-AXESEDM-M1","52","AXESEDM","M1",34213237.33,2.574513,3866990,9955616.03,0.290987255429067
"106","2018-05-22","52182","CG-CM-AGRESIVO-0","E","EFECTIVO","","EFECTIVO","",34213237.33,1,-125819.73,-125819.73,-0.00367751606743377
"107","2018-05-23","52182","CG-CM-AGRESIVO-0","D","51-+CIGUB-BE-4","51","+CIGUB","BE-4",34063431.18,1.746603,74648,130380.42,0.00382757741905201
"108","2018-05-23","52182","CG-CM-AGRESIVO-0","D","52-+CIEQUS-BE-2","52","+CIEQUS","BE-2",34063431.18,1.050398,22978053,24136100.92,0.708563409025315
"109","2018-05-23","52182","CG-CM-AGRESIVO-0","D","52-AXESEDM-M1","52","AXESEDM","M1",34063431.18,2.565862,3866990,9922162.7,0.291284886938392
"110","2018-05-23","52182","CG-CM-AGRESIVO-0","E","EFECTIVO","","EFECTIVO","",34063431.18,1,-125212.85,-125212.85,-0.0036758730891889
"111","2018-05-24","52182","CG-CM-AGRESIVO-0","D","51-+CIGUB-BE-4","51","+CIGUB","BE-4",33858222.53,1.746887,2970,5188.25,0.000153234564968759
"112","2018-05-24","52182","CG-CM-AGRESIVO-0","D","52-+CIEQUS-BE-2","52","+CIEQUS","BE-2",33858222.53,1.049176,22978053,24108021.73,0.712028568795634
"113","2018-05-24","52182","CG-CM-AGRESIVO-0","D","52-AXESEDM-M1","52","AXESEDM","M1",33858222.53,2.520051,3866990,9745012.02,0.287818180985888
"114","2018-05-24","52182","CG-CM-AGRESIVO-0","E","EFECTIVO","","EFECTIVO","",33858222.53,1,0.52,0.52,1.53581600315627e-08
"115","2018-05-25","52182","CG-CM-AGRESIVO-0","D","51-+CIGUB-BE-4","51","+CIGUB","BE-4",34009997.03,1.747174,2970,5189.11,0.000152576020380793
"116","2018-05-25","52182","CG-CM-AGRESIVO-0","D","52-+CIEQUS-BE-2","52","+CIEQUS","BE-2",34009997.03,1.051775,22978053,24167741.69,0.710606992075941
"117","2018-05-25","52182","CG-CM-AGRESIVO-0","D","52-AXESEDM-M1","52","AXESEDM","M1",34009997.03,2.543856,3866990,9837065.71,0.289240416614056
"118","2018-05-25","52182","CG-CM-AGRESIVO-0","E","EFECTIVO","","EFECTIVO","",34009997.03,1,0.52,0.52,1.52896220349949e-08
"119","2018-05-28","52182","CG-CM-AGRESIVO-0","D","51-+CIGUB-BE-4","51","+CIGUB","BE-4",33731337.76,1.748027,2970,5191.64,0.000153911476530778
"120","2018-05-28","52182","CG-CM-AGRESIVO-0","D","52-+CIEQUS-BE-2","52","+CIEQUS","BE-2",33731337.76,1.043738,22978053,23983067.08,0.711002547560984
"121","2018-05-28","52182","CG-CM-AGRESIVO-0","D","52-AXESEDM-M1","52","AXESEDM","M1",33731337.76,2.519551,3866990,9743078.52,0.288843525546554
"122","2018-05-28","52182","CG-CM-AGRESIVO-0","E","EFECTIVO","","EFECTIVO","",33731337.76,1,0.52,0.52,1.54159317279328e-08
"123","2018-05-29","52182","CG-CM-AGRESIVO-0","D","51-+CIGUB-BE-4","51","+CIGUB","BE-4",33753083.85,1.748315,2970,5192.5,0.000153837795179714
"124","2018-05-29","52182","CG-CM-AGRESIVO-0","D","52-+CIEQUS-BE-2","52","+CIEQUS","BE-2",33753083.85,1.045391,22978053,24021049.8,0.711669781248744
"125","2018-05-29","52182","CG-CM-AGRESIVO-0","D","52-AXESEDM-M1","52","AXESEDM","M1",33753083.85,2.515352,3866990,9726841.03,0.288176365550077
"126","2018-05-29","52182","CG-CM-AGRESIVO-0","E","EFECTIVO","","EFECTIVO","",33753083.85,1,0.52,0.52,1.54059997098606e-08
"127","2018-05-30","52182","CG-CM-AGRESIVO-0","D","51-+CIGUB-BE-4","51","+CIGUB","BE-4",33718547.55,1.748598,2970,5193.34,0.000154020276000886
"128","2018-05-30","52182","CG-CM-AGRESIVO-0","D","52-+CIEQUS-BE-2","52","+CIEQUS","BE-2",33718547.55,1.045966,22978053,24034262.18,0.712790553755629
"129","2018-05-30","52182","CG-CM-AGRESIVO-0","D","52-AXESEDM-M1","52","AXESEDM","M1",33718547.55,2.503007,3866990,9679103.04,0.287055752494891
"130","2018-05-30","52182","CG-CM-AGRESIVO-0","E","EFECTIVO","","EFECTIVO","",33718547.55,1,-11.01,-11.01,-3.2652652026822e-07
"131","2018-05-31","52182","CG-CM-AGRESIVO-0","D","51-+CIGUB-BE-4","51","+CIGUB","BE-4",33891706.36,1.748885,2970,5194.19,0.000153258438652423
"132","2018-05-31","52182","CG-CM-AGRESIVO-0","D","52-+CIEQUS-BE-2","52","+CIEQUS","BE-2",33891706.36,1.051761,22978053,24167420,0.713077699402091
"133","2018-05-31","52182","CG-CM-AGRESIVO-0","D","52-AXESEDM-M1","52","AXESEDM","M1",33891706.36,2.513351,3866990,9719103.18,0.286769367017495
"134","2018-05-31","52182","CG-CM-AGRESIVO-0","E","EFECTIVO","","EFECTIVO","",33891706.36,1,-11.01,-11.01,-3.24858237677709e-07
"135","2018-06-01","52182","CG-CM-AGRESIVO-0","D","51-+CIGUB-BE-4","51","+CIGUB","BE-4",34069225.93,1.749163,2970,5195.01,0.00015248394579536
"136","2018-06-01","52182","CG-CM-AGRESIVO-0","D","52-+CIEQUS-BE-2","52","+CIEQUS","BE-2",34069225.93,1.057734,22978053,24304667.91,0.713390669924152
"137","2018-06-01","52182","CG-CM-AGRESIVO-0","D","52-AXESEDM-M1","52","AXESEDM","M1",34069225.93,2.523765,3866990,9759374.02,0.286457169295598
"138","2018-06-01","52182","CG-CM-AGRESIVO-0","E","EFECTIVO","","EFECTIVO","",34069225.93,1,-11.01,-11.01,-3.2316554601568e-07
"139","2018-06-04","52182","CG-CM-AGRESIVO-0","D","51-+CIGUB-BE-4","51","+CIGUB","BE-4",34473962.23,1.750023,2970,5197.57,0.000150767990210216
"140","2018-06-04","52182","CG-CM-AGRESIVO-0","D","52-+CIEQUS-BE-2","52","+CIEQUS","BE-2",34473962.23,1.071832,22978053,24628612.5,0.714412005666341
"141","2018-06-04","52182","CG-CM-AGRESIVO-0","D","52-AXESEDM-M1","52","AXESEDM","M1",34473962.23,2.544657,3866990,9840163.17,0.285437545714919
"142","2018-06-04","52182","CG-CM-AGRESIVO-0","E","EFECTIVO","","EFECTIVO","",34473962.23,1,-11.01,-11.01,-3.19371470170576e-07
"143","2018-06-05","52182","CG-CM-AGRESIVO-0","D","51-+CIGUB-BE-4","51","+CIGUB","BE-4",34919106.87,1.750305,2970,5198.41,0.000148870073319833
"144","2018-06-05","52182","CG-CM-AGRESIVO-0","D","52-+CIEQUS-BE-2","52","+CIEQUS","BE-2",34919106.87,1.08536,22978053,24939459.6,0.714206686123069
"145","2018-06-05","52182","CG-CM-AGRESIVO-0","D","52-AXESEDM-M1","52","AXESEDM","M1",34919106.87,2.579386,3866990,9974459.87,0.285644759103771
"146","2018-06-05","52182","CG-CM-AGRESIVO-0","E","EFECTIVO","","EFECTIVO","",34919106.87,1,-11.01,-11.01,-3.15300160482026e-07
"147","2018-06-06","52182","CG-CM-AGRESIVO-0","D","51-+CIGUB-BE-0","51","+CIGUB","BE-0",151574100.55,1.932013,60040998,115999988.67,0.765302173980144
"148","2018-06-06","52182","CG-CM-AGRESIVO-0","D","51-+CIGUB-BE-4","51","+CIGUB","BE-4",151574100.55,1.750588,2970,5199.25,3.43017044543498e-05
"149","2018-06-06","52182","CG-CM-AGRESIVO-0","D","52-+CIEQUS-BE-1","52","+CIEQUS","BE-1",151574100.55,1.05,77333333,81199999.65,0.535711571801242
"150","2018-06-06","52182","CG-CM-AGRESIVO-0","D","52-+CIEQUS-BE-2","52","+CIEQUS","BE-2",151574100.55,1.105749,22978053,25407959.13,0.167627312567285
"151","2018-06-06","52182","CG-CM-AGRESIVO-0","D","52-AXESEDM-E1","52","AXESEDM","E1",151574100.55,2.748872,16356145,44960949.02,0.296626856810334
"153","2018-06-06","52182","CG-CM-AGRESIVO-0","E","EFECTIVO","","EFECTIVO","",151574100.55,1,-115999995.16,-115999995.16,-0.765302216797486
"154","2018-06-07","52182","CG-CM-AGRESIVO-0","D","51-+CIGUB-BE-0","51","+CIGUB","BE-0",151750081.64,1.932386,60040998,116022383.96,0.764562250682951
"155","2018-06-07","52182","CG-CM-AGRESIVO-0","D","51-+CIGUB-BE-4","51","+CIGUB","BE-4",151750081.64,1.75087,2970,5200.08,3.42673950735411e-05
"156","2018-06-07","52182","CG-CM-AGRESIVO-0","D","52-+CIEQUS-BE-1","52","+CIEQUS","BE-1",151750081.64,1.05,77333333,81199999.65,0.535090319375462
"157","2018-06-07","52182","CG-CM-AGRESIVO-0","D","52-+CIEQUS-BE-2","52","+CIEQUS","BE-2",151750081.64,1.111381,22978053,25537371.52,0.168285718491954
"158","2018-06-07","52182","CG-CM-AGRESIVO-0","D","52-AXESEDM-M1","52","AXESEDM","M1",151750081.64,2.633864,3866990,10185125.75,0.0671177612553936
"159","2018-06-07","52182","CG-CM-AGRESIVO-0","E","EFECTIVO","","EFECTIVO","",151750081.64,1,-81199999.33,-81199999.33,-0.535090317266732
"160","2018-06-08","52182","CG-CM-AGRESIVO-0","D","51-+CIGUB-BE-0","51","+CIGUB","BE-0",152578329.32,1.932761,60040998,116044899.34,0.760559509710065
"161","2018-06-08","52182","CG-CM-AGRESIVO-0","D","51-+CIGUB-BE-4","51","+CIGUB","BE-4",152578329.32,1.751154,2970,5200.93,3.40869507693466e-05
"162","2018-06-08","52182","CG-CM-AGRESIVO-0","D","52-+CIEQUS-BE-1","52","+CIEQUS","BE-1",152578329.32,1.054321,77300833,81499891.55,0.534151159691044
"163","2018-06-08","52182","CG-CM-AGRESIVO-0","D","52-+CIEQUS-BE-2","52","+CIEQUS","BE-2",152578329.32,1.115945,22978053,25642243.36,0.168059536857432
"164","2018-06-08","52182","CG-CM-AGRESIVO-0","D","52-AXESEDM-E1","52","AXESEDM","E1",152578329.32,2.777922,16356145,45436095.03,0.297788652113942
"165","2018-06-08","52182","CG-CM-AGRESIVO-0","E","EFECTIVO","","EFECTIVO","",152578329.32,1,-116050000.88,-116050000.88,-0.760592945257713
"166","2018-06-11","52182","CG-CM-AGRESIVO-0","D","52-+CIEQUS-BE-1","52","+CIEQUS","BE-1",151093203.42,1.044776,77333333,80796010.32,0.534742850711875
"167","2018-06-11","52182","CG-CM-AGRESIVO-0","D","52-+CIEQUS-BE-2","52","+CIEQUS","BE-2",151093203.42,1.105816,22978053,25409498.66,0.168171023479912
"168","2018-06-11","52182","CG-CM-AGRESIVO-0","D","52-AXESEDM-E1","52","AXESEDM","E1",151093203.42,2.745232,16356145,44901412.65,0.297176918839861
"169","2018-06-11","52182","CG-CM-AGRESIVO-0","E","EFECTIVO","","EFECTIVO","",151093203.42,1,-13718.21,-13718.21,-9.07930316485972e-05
"170","2018-06-12","52182","CG-CM-AGRESIVO-0","D","51-+CIGUB-BE-4","51","+CIGUB","BE-4",153225478.78,1.752287,11434,20035.65,0.000130759258574529
"171","2018-06-12","52182","CG-CM-AGRESIVO-0","D","52-+CIEQUS-BE-1","52","+CIEQUS","BE-1",153225478.78,1.057874,77300833,81774541.41,0.533687622065853
"172","2018-06-12","52182","CG-CM-AGRESIVO-0","D","52-+CIEQUS-BE-2","52","+CIEQUS","BE-2",153225478.78,1.11967,22978053,25727836.6,0.167908345301631
"173","2018-06-12","52182","CG-CM-AGRESIVO-0","D","52-AXESEDM-E1","52","AXESEDM","E1",153225478.78,2.794232,16356145,45702863.76,0.298271959232184
"174","2018-06-12","52182","CG-CM-AGRESIVO-0","E","EFECTIVO","","EFECTIVO","",153225478.78,1,101,101,6.59159304341382e-07
"175","2018-06-12","52182","CG-CM-AGRESIVO-0","R","REPORTO","","REPORTO","",153225478.78,1,100.36,100.36,6.54982453303971e-07
"176","2018-06-13","52182","CG-CM-AGRESIVO-0","D","51-+CIGUB-BE-4","51","+CIGUB","BE-4",154452926.19,1.752572,11434,20038.91,0.000129741213030494
"177","2018-06-13","52182","CG-CM-AGRESIVO-0","D","52-+CIEQUS-BE-1","52","+CIEQUS","BE-1",154452926.19,1.067862,77300833,82546622.13,0.534445181235708
"178","2018-06-13","52182","CG-CM-AGRESIVO-0","D","52-+CIEQUS-BE-2","52","+CIEQUS","BE-2",154452926.19,1.130233,22978053,25970553.78,0.168145430589333
"179","2018-06-13","52182","CG-CM-AGRESIVO-0","D","52-AXESEDM-E1","52","AXESEDM","E1",154452926.19,2.807233,16356145,45915510,0.297278343198996
"180","2018-06-13","52182","CG-CM-AGRESIVO-0","E","EFECTIVO","","EFECTIVO","",154452926.19,1,101.53,101.53,6.57352388876745e-07
"181","2018-06-13","52182","CG-CM-AGRESIVO-0","R","REPORTO","","REPORTO","",154452926.19,1,99.85,99.85,6.46475288381197e-07
"182","2018-06-14","52182","CG-CM-AGRESIVO-0","D","51-+CIGUB-BE-4","51","+CIGUB","BE-4",154556715.83,1.752856,11434,20042.16,0.000129675115651686
"183","2018-06-14","52182","CG-CM-AGRESIVO-0","D","52-+CIEQUS-BE-0","52","+CIEQUS","BE-0",154556715.83,1.05,102857142,107999999.1,0.698772606030212
"186","2018-06-14","52182","CG-CM-AGRESIVO-0","D","52-AXESEDM-E1","52","AXESEDM","E1",154556715.83,2.828995,16356145,46271452.42,0.299381700571943
"187","2018-06-14","52182","CG-CM-AGRESIVO-0","E","EFECTIVO","","EFECTIVO","",154556715.83,1,265122.22,265122.22,0.00171537172342361
"188","2018-06-14","52182","CG-CM-AGRESIVO-0","R","REPORTO","","REPORTO","",154556715.83,1,99.93,99.93,6.46558769467611e-07
"189","2018-06-15","52182","CG-CM-AGRESIVO-0","D","51-+CIGUB-BE-4","51","+CIGUB","BE-4",48263508.55,1.753141,11434,20045.41,0.000415332631261844
"190","2018-06-15","52182","CG-CM-AGRESIVO-0","D","52-+CIEQUS-BE-0","52","+CIEQUS","BE-0",48263508.55,0,102857142,0,0
"193","2018-06-15","52182","CG-CM-AGRESIVO-0","D","52-AXESEDM-E1","52","AXESEDM","E1",48263508.55,2.820616,16356145,46134404.29,0.955885837479174
"194","2018-06-15","52182","CG-CM-AGRESIVO-0","E","EFECTIVO","","EFECTIVO","",48263508.55,1,2108958.33,2108958.33,0.0436967471566051
"195","2018-06-15","52182","CG-CM-AGRESIVO-0","R","REPORTO","","REPORTO","",48263508.55,1,100.52,100.52,2.0827329595374e-06
"196","2018-06-18","52182","CG-CM-AGRESIVO-0","D","51-+CIGUB-BE-4","51","+CIGUB","BE-4",154125246.5,1.753996,11434,20055.19,0.000130122679154969
"197","2018-06-18","52182","CG-CM-AGRESIVO-0","D","52-+CIEQUS-BE-0","52","+CIEQUS","BE-0",154125246.5,1.034629,104895610,108528040.08,0.704154851619329
"198","2018-06-18","52182","CG-CM-AGRESIVO-0","D","52-AXESEDM-E1","52","AXESEDM","E1",154125246.5,2.786546,16356145,45577150.43,0.295715020510932
"199","2018-06-18","52182","CG-CM-AGRESIVO-0","E","EFECTIVO","","EFECTIVO","",154125246.5,1,-2108915.87,-2108915.87,-0.0136831305570694
"200","2018-06-18","52182","CG-CM-AGRESIVO-0","R","REPORTO","","REPORTO","",154125246.5,1,2108916.67,2108916.67,0.0136831357476531
"201","2018-06-19","52182","CG-CM-AGRESIVO-0","D","51-+CIGUB-BE-3","51","+CIGUB","BE-3",153364593.09,1.715016,1230016,2109497.12,0.0137547857526807
"202","2018-06-19","52182","CG-CM-AGRESIVO-0","D","51-+CIGUB-BE-4","51","+CIGUB","BE-4",153364593.09,1.754275,11434,20058.38,0.000130788858079055
"203","2018-06-19","52182","CG-CM-AGRESIVO-0","D","52-+CIEQUS-BE-0","52","+CIEQUS","BE-0",153364593.09,1.032939,104895610,108350766.5,0.706491402721721
"204","2018-06-19","52182","CG-CM-AGRESIVO-0","D","52-AXESEDM-E1","52","AXESEDM","E1",153364593.09,2.750641,16356145,44989883.04,0.29335247551955
"205","2018-06-19","52182","CG-CM-AGRESIVO-0","E","EFECTIVO","","EFECTIVO","",153364593.09,1,-2105611.95,-2105611.95,-0.0137294528520305
"206","2018-06-20","52182","CG-CM-AGRESIVO-0","D","51-+CIGUB-BE-3","51","+CIGUB","BE-3",152426937.08,1.715303,14166,24298.98,0.000159413949171247
"207","2018-06-20","52182","CG-CM-AGRESIVO-0","D","52-+CIEQUS-BE-0","52","+CIEQUS","BE-0",152426937.08,1.029277,104895610,107966638.77,0.708317314762643
"208","2018-06-20","52182","CG-CM-AGRESIVO-0","D","52-AXESEDM-E1","52","AXESEDM","E1",152426937.08,2.716777,16356145,44435998.54,0.291523266105374
"209","2018-06-20","52182","CG-CM-AGRESIVO-0","E","EFECTIVO","","EFECTIVO","",152426937.08,1,0.78,0.78,5.11720575734342e-09
"210","2018-06-21","52182","CG-CM-AGRESIVO-0","D","51-+CIGUB-BE-3","51","+CIGUB","BE-3",152215176.87,1.715596,14166,24303.13,0.000159662988275842
"211","2018-06-21","52182","CG-CM-AGRESIVO-0","D","52-+CIEQUS-BE-0","52","+CIEQUS","BE-0",152215176.87,1.027728,104895610,107804155.47,0.708235260680153
"212","2018-06-21","52182","CG-CM-AGRESIVO-0","D","52-AXESEDM-E1","52","AXESEDM","E1",152215176.87,2.713764,16356145,44386717.48,0.29160507114155
"213","2018-06-21","52182","CG-CM-AGRESIVO-0","E","EFECTIVO","","EFECTIVO","",152215176.87,1,0.78,0.78,5.12432476208442e-09
"214","2018-06-22","52182","CG-CM-AGRESIVO-0","D","51-+CIGUB-BE-3","51","+CIGUB","BE-3",150576556.44,1.715891,14166,24307.31,0.000161428250019024
"215","2018-06-22","52182","CG-CM-AGRESIVO-0","D","52-+CIEQUS-BE-0","52","+CIEQUS","BE-0",150576556.44,1.015202,104895610,106490233.06,0.707216552016402
"216","2018-06-22","52182","CG-CM-AGRESIVO-0","D","52-AXESEDM-E1","52","AXESEDM","E1",150576556.44,2.693912,16356145,44062015.29,0.292622014553489
"217","2018-06-22","52182","CG-CM-AGRESIVO-0","E","EFECTIVO","","EFECTIVO","",150576556.44,1,0.78,0.78,5.18008924125453e-09
"218","2018-06-25","52182","CG-CM-AGRESIVO-0","D","51-+CIGUB-BE-3","51","+CIGUB","BE-3",148773565.19,1.716791,14166,24320.06,0.00016347030447876
"219","2018-06-25","52182","CG-CM-AGRESIVO-0","D","52-+CIEQUS-BE-0","52","+CIEQUS","BE-0",148773565.19,0.999484,104895610,104841483.87,0.704705057891878
"220","2018-06-25","52182","CG-CM-AGRESIVO-0","D","52-AXESEDM-E1","52","AXESEDM","E1",148773565.19,2.684481,16356145,43907760.49,0.295131466627993
"221","2018-06-25","52182","CG-CM-AGRESIVO-0","E","EFECTIVO","","EFECTIVO","",148773565.19,1,0.78,0.78,5.24286689643994e-09
"222","2018-06-26","52182","CG-CM-AGRESIVO-0","D","51-+CIGUB-BE-3","51","+CIGUB","BE-3",145202792.4,1.717097,14166,24324.4,0.000167520194329266
"223","2018-06-26","52182","CG-CM-AGRESIVO-0","D","52-+CIEQUS-BE-0","52","+CIEQUS","BE-0",145202792.4,0.971828,104895610,101940490.88,0.702055994895591
"224","2018-06-26","52182","CG-CM-AGRESIVO-0","D","52-AXESEDM-E1","52","AXESEDM","E1",145202792.4,2.643531,16356145,43237976.35,0.297776479607151
"225","2018-06-26","52182","CG-CM-AGRESIVO-0","E","EFECTIVO","","EFECTIVO","",145202792.4,1,0.78,0.78,5.37179751923283e-09
"226","2018-06-27","52182","CG-CM-AGRESIVO-0","D","51-+CIGUB-BE-3","51","+CIGUB","BE-3",145446485.29,1.7174,14166,24328.69,0.000167269012733391
"227","2018-06-27","52182","CG-CM-AGRESIVO-0","D","52-+CIEQUS-BE-0","52","+CIEQUS","BE-0",145446485.29,0.977205,104895610,102504514.57,0.70475759084601
"228","2018-06-27","52182","CG-CM-AGRESIVO-0","D","52-AXESEDM-E1","52","AXESEDM","E1",145446485.29,2.623946,16356145,42917641.25,0.29507513477846
"229","2018-06-27","52182","CG-CM-AGRESIVO-0","E","EFECTIVO","","EFECTIVO","",145446485.29,1,0.78,0.78,5.36279717206496e-09
"230","2018-06-28","52182","CG-CM-AGRESIVO-0","D","51-+CIGUB-BE-3","51","+CIGUB","BE-3",145832188.81,1.717701,14166,24332.95,0.000166855823796916
"231","2018-06-28","52182","CG-CM-AGRESIVO-0","D","52-+CIEQUS-BE-0","52","+CIEQUS","BE-0",145832188.81,0.978302,104895610,102619585.05,0.703682677242812
"232","2018-06-28","52182","CG-CM-AGRESIVO-0","D","52-AXESEDM-E1","52","AXESEDM","E1",145832188.81,2.640492,16356145,43188270.02,0.296150461516206
"233","2018-06-28","52182","CG-CM-AGRESIVO-0","E","EFECTIVO","","EFECTIVO","",145832188.81,1,0.78,0.78,5.34861340534521e-09
"234","2018-06-29","52182","CG-CM-AGRESIVO-0","D","51-+CIGUB-BE-3","51","+CIGUB","BE-3",143225309.84,1.718008,13934,23938.72,0.000167140291242815
"235","2018-06-29","52182","CG-CM-AGRESIVO-0","D","52-+CIEQUS-BE-0","52","+CIEQUS","BE-0",143225309.84,0.966913,104895610,101424928.95,0.708149481843006
"236","2018-06-29","52182","CG-CM-AGRESIVO-0","D","52-AXESEDM-E1","52","AXESEDM","E1",143225309.84,2.554174,16356145,41776440.3,0.291683364809399
"237","2018-06-29","52182","CG-CM-AGRESIVO-0","E","EFECTIVO","","EFECTIVO","",143225309.84,1,1.87,1.87,1.30563515770293e-08
"238","2018-07-02","52182","CG-CM-AGRESIVO-0","D","51-+CIGUB-BE-4","51","+CIGUB","BE-4",144431861.31,1.758097,13624,23952.31,0.000165838131439643
"239","2018-07-02","52182","CG-CM-AGRESIVO-0","D","52-+CIEQUS-BE-0","52","+CIEQUS","BE-0",144431861.31,0.970126,104895610,101761958.55,0.704567244560978
"240","2018-07-02","52182","CG-CM-AGRESIVO-0","D","52-AXESEDM-E1","52","AXESEDM","E1",144431861.31,2.607335,16356145,42645949.32,0.295266909483824
"241","2018-07-02","52182","CG-CM-AGRESIVO-0","E","EFECTIVO","","EFECTIVO","",144431861.31,1,1.13,1.13,7.82375848203351e-09
"242","2018-07-03","52182","CG-CM-AGRESIVO-0","D","51-+CIGUB-BE-4","51","+CIGUB","BE-4",146133100.44,1.758391,13624,23956.32,0.000163934932796667
"243","2018-07-03","52182","CG-CM-AGRESIVO-0","D","52-+CIEQUS-BE-0","52","+CIEQUS","BE-0",146133100.44,0.986853,104895610,103516547.42,0.708371663287212
"244","2018-07-03","52182","CG-CM-AGRESIVO-0","D","52-AXESEDM-E1","52","AXESEDM","E1",146133100.44,2.604073,16356145,42592595.58,0.291464394115746
"245","2018-07-03","52182","CG-CM-AGRESIVO-0","E","EFECTIVO","","EFECTIVO","",146133100.44,1,1.13,1.13,7.73267655717714e-09
"246","2018-07-04","52182","CG-CM-AGRESIVO-0","D","51-+CIGUB-BE-4","51","+CIGUB","BE-4",141371601.13,1.758692,13624,23960.42,0.000169485383262844
"247","2018-07-04","52182","CG-CM-AGRESIVO-0","D","52-+CIEQUS-BE-0","52","+CIEQUS","BE-0",141371601.13,0.948433,104895610,99486458.08,0.703723076521684
"248","2018-07-04","52182","CG-CM-AGRESIVO-0","D","52-AXESEDM-E1","52","AXESEDM","E1",141371601.13,2.559355,16356145,41861181.49,0.296107430031199
"249","2018-07-04","52182","CG-CM-AGRESIVO-0","E","EFECTIVO","","EFECTIVO","",141371601.13,1,1.14,1.14,8.06385434477536e-09
"250","2018-07-05","52182","CG-CM-AGRESIVO-0","D","51-+CIGUB-BE-4","51","+CIGUB","BE-4",140640659.88,1.758991,13624,23964.49,0.00017039517604971
"251","2018-07-05","52182","CG-CM-AGRESIVO-0","D","52-+CIEQUS-BE-0","52","+CIEQUS","BE-0",140640659.88,0.943885,104895610,99009392.84,0.703988397981626
"252","2018-07-05","52182","CG-CM-AGRESIVO-0","D","52-AXESEDM-E1","52","AXESEDM","E1",140640659.88,2.543833,16356145,41607301.4,0.295841198665457
"253","2018-07-05","52182","CG-CM-AGRESIVO-0","E","EFECTIVO","","EFECTIVO","",140640659.88,1,1.14,1.14,8.1057640157028e-09
"254","2018-07-06","52182","CG-CM-AGRESIVO-0","D","51-+CIGUB-BE-4","51","+CIGUB","BE-4",140276084.74,1.759305,13624,23968.77,0.000170868541451138
"255","2018-07-06","52182","CG-CM-AGRESIVO-0","D","52-+CIEQUS-BE-0","52","+CIEQUS","BE-0",140276084.74,0.942353,104895610,98848692.77,0.704672453278225
"256","2018-07-06","52182","CG-CM-AGRESIVO-0","D","52-AXESEDM-E1","52","AXESEDM","E1",140276084.74,2.531368,16356145,41403422.06,0.295156670053493
"257","2018-07-06","52182","CG-CM-AGRESIVO-0","E","EFECTIVO","","EFECTIVO","",140276084.74,1,1.14,1.14,8.12683075745218e-09
"258","2018-07-09","52182","CG-CM-AGRESIVO-0","D","51-+CIGUB-BE-4","51","+CIGUB","BE-4",140587724.17,1.760206,13624,23981.05,0.000170577126428207
"259","2018-07-09","52182","CG-CM-AGRESIVO-0","D","52-+CIEQUS-BE-0","52","+CIEQUS","BE-0",140587724.17,0.946316,104895610,99264394.07,0.706067294680498
"260","2018-07-09","52182","CG-CM-AGRESIVO-0","D","52-AXESEDM-E1","52","AXESEDM","E1",140587724.17,2.525005,16356145,41299347.91,0.293762120084257
"261","2018-07-09","52182","CG-CM-AGRESIVO-0","E","EFECTIVO","","EFECTIVO","",140587724.17,1,1.14,1.14,8.10881609137866e-09
"262","2018-07-10","52182","CG-CM-AGRESIVO-0","D","51-+CIGUB-BE-4","51","+CIGUB","BE-4",143209309.25,1.7605,13624,23985.05,0.000167482478098748
"263","2018-07-10","52182","CG-CM-AGRESIVO-0","D","52-+CIEQUS-BE-0","52","+CIEQUS","BE-0",143209309.25,0.966395,104895610,101370593.03,0.7078491863475
"264","2018-07-10","52182","CG-CM-AGRESIVO-0","D","52-AXESEDM-E1","52","AXESEDM","E1",143209309.25,2.556515,16356145,41814730.03,0.291983323214025
"265","2018-07-10","52182","CG-CM-AGRESIVO-0","E","EFECTIVO","","EFECTIVO","",143209309.25,1,1.14,1.14,7.96037636079863e-09
"266","2018-07-11","52182","CG-CM-AGRESIVO-0","D","51-+CIGUB-BE-4","51","+CIGUB","BE-4",141303550.82,1.760798,13624,23989.11,0.000169770043716443
"267","2018-07-11","52182","CG-CM-AGRESIVO-0","D","52-+CIEQUS-BE-0","52","+CIEQUS","BE-0",141303550.82,0.950816,104895610,99736424.32,0.705830984014334
"268","2018-07-11","52182","CG-CM-AGRESIVO-0","D","52-AXESEDM-E1","52","AXESEDM","E1",141303550.82,2.53991,16356145,41543136.25,0.293999237874212
"269","2018-07-11","52182","CG-CM-AGRESIVO-0","E","EFECTIVO","","EFECTIVO","",141303550.82,1,1.14,1.14,8.06773781256348e-09
"270","2018-07-12","52182","CG-CM-AGRESIVO-0","D","51-+CIGUB-BE-4","51","+CIGUB","BE-4",140765946.89,1.761095,13624,23993.16,0.000170447189324483
"271","2018-07-12","52182","CG-CM-AGRESIVO-0","D","52-+CIEQUS-BE-0","52","+CIEQUS","BE-0",140765946.89,0.949858,104895610,99635934.32,0.70781276666195
"272","2018-07-12","52182","CG-CM-AGRESIVO-0","D","52-AXESEDM-E1","52","AXESEDM","E1",140765946.89,2.513185,16356145,41106018.27,0.292016778050176
"273","2018-07-12","52182","CG-CM-AGRESIVO-0","E","EFECTIVO","","EFECTIVO","",140765946.89,1,1.14,1.14,8.09854957954313e-09
"274","2018-07-13","52182","CG-CM-AGRESIVO-0","D","51-+CIGUB-BE-4","51","+CIGUB","BE-4",141416784.83,1.761394,13624,23997.23,0.000169691525859873
"275","2018-07-13","52182","CG-CM-AGRESIVO-0","D","52-+CIEQUS-BE-0","52","+CIEQUS","BE-0",141416784.83,0.95497,104895610,100172160.68,0.708347038156885
"276","2018-07-13","52182","CG-CM-AGRESIVO-0","D","52-AXESEDM-E1","52","AXESEDM","E1",141416784.83,2.520192,16356145,41220625.78,0.291483262255977
"277","2018-07-13","52182","CG-CM-AGRESIVO-0","E","EFECTIVO","","EFECTIVO","",141416784.83,1,1.14,1.14,8.06127788416642e-09
"278","2018-07-16","52182","CG-CM-AGRESIVO-0","D","51-+CIGUB-BE-4","51","+CIGUB","BE-4",141349343.53,1.762284,13624,24009.36,0.000169858305673024
"279","2018-07-16","52182","CG-CM-AGRESIVO-0","D","52-+CIEQUS-BE-0","52","+CIEQUS","BE-0",141349343.53,0.952078,104895610,99868802.58,0.706538849674982
"280","2018-07-16","52182","CG-CM-AGRESIVO-0","D","52-AXESEDM-E1","52","AXESEDM","E1",141349343.53,2.534615,16356145,41456530.46,0.293291284024968
"281","2018-07-16","52182","CG-CM-AGRESIVO-0","E","EFECTIVO","","EFECTIVO","",141349343.53,1,1.14,1.14,8.06512412106142e-09
"282","2018-07-17","52182","CG-CM-AGRESIVO-0","D","51-+CIGUB-BE-4","51","+CIGUB","BE-4",141490316.32,1.76258,13624,24013.39,0.0001697175511693
"283","2018-07-17","52182","CG-CM-AGRESIVO-0","D","52-+CIEQUS-BE-0","52","+CIEQUS","BE-0",141490316.32,0.95502,104895610,100177405.46,0.708015983464443
"284","2018-07-17","52182","CG-CM-AGRESIVO-0","D","52-AXESEDM-E1","52","AXESEDM","E1",141490316.32,2.524366,16356145,41288896.33,0.291814290927299
"285","2018-07-17","52182","CG-CM-AGRESIVO-0","E","EFECTIVO","","EFECTIVO","",141490316.32,1,1.14,1.14,8.05708849658468e-09
"286","2018-07-18","52182","CG-CM-AGRESIVO-0","D","51-+CIGUB-BE-4","51","+CIGUB","BE-4",141696975.65,1.762876,13624,24017.42,0.000169498465932854
"287","2018-07-18","52182","CG-CM-AGRESIVO-0","D","52-+CIEQUS-BE-0","52","+CIEQUS","BE-0",141696975.65,0.956844,104895610,100368735.05,0.708333643605187
"288","2018-07-18","52182","CG-CM-AGRESIVO-0","D","52-AXESEDM-E1","52","AXESEDM","E1",141696975.65,2.525303,16356145,41304222.04,0.291496849883542
"289","2018-07-18","52182","CG-CM-AGRESIVO-0","E","EFECTIVO","","EFECTIVO","",141696975.65,1,1.14,1.14,8.04533755763333e-09
"290","2018-07-19","52182","CG-CM-AGRESIVO-0","D","51-+CIGUB-BE-4","51","+CIGUB","BE-4",141399184.16,1.763172,13624,24021.46,0.000169884007059182
"291","2018-07-19","52182","CG-CM-AGRESIVO-0","D","52-+CIEQUS-BE-0","52","+CIEQUS","BE-0",141399184.16,0.95349,104895610,100016915.18,0.707337286096545
"292","2018-07-19","52182","CG-CM-AGRESIVO-0","D","52-AXESEDM-E1","52","AXESEDM","E1",141399184.16,2.528606,16356145,41358246.38,0.292492821834114
"293","2018-07-19","52182","CG-CM-AGRESIVO-0","E","EFECTIVO","","EFECTIVO","",141399184.16,1,1.14,1.14,8.06228131210457e-09
"294","2018-07-20","52182","CG-CM-AGRESIVO-0","D","51-+CIGUB-BE-4","51","+CIGUB","BE-4",141457240.1,1.76347,13624,24025.52,0.000169842985647222
"295","2018-07-20","52182","CG-CM-AGRESIVO-0","D","52-+CIEQUS-BE-0","52","+CIEQUS","BE-0",141457240.1,0.953009,104895610,99966460.39,0.706690306691485
"296","2018-07-20","52182","CG-CM-AGRESIVO-0","D","52-AXESEDM-E1","52","AXESEDM","E1",141457240.1,2.53524,16356145,41466753.05,0.293139842263896
"297","2018-07-20","52182","CG-CM-AGRESIVO-0","E","EFECTIVO","","EFECTIVO","",141457240.1,1,1.14,1.14,8.05897244421072e-09
"298","2018-07-23","52182","CG-CM-AGRESIVO-0","D","51-+CIGUB-BE-4","51","+CIGUB","BE-4",142271771.77,1.764361,13624,24037.65,0.000168955863141002
"299","2018-07-23","52182","CG-CM-AGRESIVO-0","D","52-+CIEQUS-BE-0","52","+CIEQUS","BE-0",142271771.77,0.956835,104895610,100367790.99,0.705465249650908
"300","2018-07-23","52182","CG-CM-AGRESIVO-0","D","52-AXESEDM-E1","52","AXESEDM","E1",142271771.77,2.560502,16356145,41879941.98,0.29436578640283
"301","2018-07-23","52182","CG-CM-AGRESIVO-0","E","EFECTIVO","","EFECTIVO","",142271771.77,1,1.14,1.14,8.01283336685335e-09
"302","2018-07-24","52182","CG-CM-AGRESIVO-0","D","51-+CIGUB-BE-4","51","+CIGUB","BE-4",142126367.4,1.764658,13624,24041.7,0.0001691572115703
"303","2018-07-24","52182","CG-CM-AGRESIVO-0","D","52-+CIEQUS-BE-0","52","+CIEQUS","BE-0",142126367.4,0.959683,104895610,100666533.69,0.708288937032243
"304","2018-07-24","52182","CG-CM-AGRESIVO-0","D","52-AXESEDM-E1","52","AXESEDM","E1",142126367.4,2.533347,16356145,41435790.87,0.291541897735156
"305","2018-07-24","52182","CG-CM-AGRESIVO-0","E","EFECTIVO","","EFECTIVO","",142126367.4,1,1.14,1.14,8.02103100821248e-09
"306","2018-07-25","52182","CG-CM-AGRESIVO-0","D","51-+CIGUB-BE-4","51","+CIGUB","BE-4",142232047.65,1.764952,13624,24045.71,0.000169059718940213
"307","2018-07-25","52182","CG-CM-AGRESIVO-0","D","52-+CIEQUS-BE-0","52","+CIEQUS","BE-0",142232047.65,0.961222,104895610,100827968.04,0.708897676057608
"308","2018-07-25","52182","CG-CM-AGRESIVO-0","D","52-AXESEDM-E1","52","AXESEDM","E1",142232047.65,2.529938,16356145,41380032.77,0.290933256278688
"309","2018-07-25","52182","CG-CM-AGRESIVO-0","E","EFECTIVO","","EFECTIVO","",142232047.65,1,1.14,1.14,8.01507127848764e-09
"310","2018-07-26","52182","CG-CM-AGRESIVO-0","D","51-+CIGUB-BE-4","51","+CIGUB","BE-4",142196664.71,1.765249,13624,24049.75,0.000169130197596742
"311","2018-07-26","52182","CG-CM-AGRESIVO-0","D","52-+CIEQUS-BE-0","52","+CIEQUS","BE-0",142196664.71,0.965175,104895610,101242620.38,0.711990120067001
"312","2018-07-26","52182","CG-CM-AGRESIVO-0","D","52-AXESEDM-E1","52","AXESEDM","E1",142196664.71,2.502423,16356145,40929993.44,0.287840741718336
"313","2018-07-26","52182","CG-CM-AGRESIVO-0","E","EFECTIVO","","EFECTIVO","",142196664.71,1,1.14,1.14,8.01706567678608e-09
"314","2018-07-27","52182","CG-CM-AGRESIVO-0","D","51-+CIGUB-BE-4","51","+CIGUB","BE-4",139840148.62,1.765548,13624,24053.83,0.000172009471080895
"315","2018-07-27","52182","CG-CM-AGRESIVO-0","D","52-+CIEQUS-BE-0","52","+CIEQUS","BE-0",139840148.62,0.941102,104895610,98717468.36,0.705930802664217
"316","2018-07-27","52182","CG-CM-AGRESIVO-0","D","52-AXESEDM-E1","52","AXESEDM","E1",139840148.62,2.512733,16356145,41098625.29,0.293897179712537
"317","2018-07-27","52182","CG-CM-AGRESIVO-0","E","EFECTIVO","","EFECTIVO","",139840148.62,1,1.14,1.14,8.15216524903604e-09
"318","2018-07-30","52182","CG-CM-AGRESIVO-0","D","51-+CIGUB-BE-4","51","+CIGUB","BE-4",139229914.1,1.766452,13624,24066.14,0.000172851790906908
"319","2018-07-30","52182","CG-CM-AGRESIVO-0","D","52-+CIEQUS-BE-0","52","+CIEQUS","BE-0",139229914.1,0.933801,104895610,97951625.51,0.703524283148287
"320","2018-07-30","52182","CG-CM-AGRESIVO-0","D","52-AXESEDM-E1","52","AXESEDM","E1",139229914.1,2.522246,16356145,41254221.3,0.296302856801087
"321","2018-07-30","52182","CG-CM-AGRESIVO-0","E","EFECTIVO","","EFECTIVO","",139229914.1,1,1.14,1.14,8.18789559247455e-09
"322","2018-07-31","52182","CG-CM-AGRESIVO-0","D","51-+CIGUB-BE-4","51","+CIGUB","BE-4",137470362.51,1.766756,13624,24070.28,0.000175094322590799
"323","2018-07-31","52182","CG-CM-AGRESIVO-0","D","52-+CIEQUS-BE-0","52","+CIEQUS","BE-0",137470362.51,0.918188,104895610,96313890.35,0.700615671563344
"324","2018-07-31","52182","CG-CM-AGRESIVO-0","D","52-AXESEDM-E1","52","AXESEDM","E1",137470362.51,2.514798,16356145,41132400.73,0.299209225748626
"325","2018-07-31","52182","CG-CM-AGRESIVO-0","E","EFECTIVO","","EFECTIVO","",137470362.51,1,1.14,1.14,8.29269654335183e-09
"326","2018-08-01","52182","CG-CM-AGRESIVO-0","D","51-+CIGUB-BE-4","51","+CIGUB","BE-4",137866090.03,1.767057,13624,24074.38,0.000174621475046992
"327","2018-08-01","52182","CG-CM-AGRESIVO-0","D","52-+CIEQUS-BE-0","52","+CIEQUS","BE-0",137866090.03,0.922663,104895610,96783298.21,0.702009451264917
"328","2018-08-01","52182","CG-CM-AGRESIVO-0","D","52-AXESEDM-E1","52","AXESEDM","E1",137866090.03,2.510293,16356145,41058716.3,0.297815918991142
"329","2018-08-01","52182","CG-CM-AGRESIVO-0","E","EFECTIVO","","EFECTIVO","",137866090.03,1,1.14,1.14,8.26889338598007e-09
"330","2018-08-02","52182","CG-CM-AGRESIVO-0","D","51-+CIGUB-BE-4","51","+CIGUB","BE-4",138397481.08,1.767366,13624,24078.59,0.000173981417957177
"331","2018-08-02","52182","CG-CM-AGRESIVO-0","D","52-+CIEQUS-BE-0","52","+CIEQUS","BE-0",138397481.08,0.929266,104895610,97475923.92,0.7043186274731
"332","2018-08-02","52182","CG-CM-AGRESIVO-0","D","52-AXESEDM-E1","52","AXESEDM","E1",138397481.08,2.500435,16356145,40897477.42,0.295507382799542
"333","2018-08-02","52182","CG-CM-AGRESIVO-0","E","EFECTIVO","","EFECTIVO","",138397481.08,1,1.14,1.14,8.23714413805717e-09
"334","2018-08-03","52182","CG-CM-AGRESIVO-0","D","51-+CIGUB-BE-4","51","+CIGUB","BE-4",139477205.84,1.767667,13624,24082.7,0.000172664055427281
"335","2018-08-03","52182","CG-CM-AGRESIVO-0","D","52-+CIEQUS-BE-0","52","+CIEQUS","BE-0",139477205.84,0.941105,104895610,98717783.05,0.707770007690312
"336","2018-08-03","52182","CG-CM-AGRESIVO-0","D","52-AXESEDM-E1","52","AXESEDM","E1",139477205.84,2.490522,16356145,40735338.96,0.292057320152579
"337","2018-08-03","52182","CG-CM-AGRESIVO-0","E","EFECTIVO","","EFECTIVO","",139477205.84,1,1.14,1.14,8.17337853260224e-09
"338","2018-08-06","52182","CG-CM-AGRESIVO-0","D","51-+CIGUB-BE-4","51","+CIGUB","BE-4",138849014.49,1.768575,13624,24095.07,0.000173534324953638
"339","2018-08-06","52182","CG-CM-AGRESIVO-0","D","52-+CIEQUS-BE-0","52","+CIEQUS","BE-0",138849014.49,0.936476,104895610,98232221.27,0.707475106185033
"340","2018-08-06","52182","CG-CM-AGRESIVO-0","D","52-AXESEDM-E1","52","AXESEDM","E1",138849014.49,2.481801,16356145,40592697.02,0.292351351351676
"341","2018-08-06","52182","CG-CM-AGRESIVO-0","E","EFECTIVO","","EFECTIVO","",138849014.49,1,1.14,1.14,8.21035715800564e-09
"342","2018-08-07","52182","CG-CM-AGRESIVO-0","D","51-+CIGUB-BE-4","51","+CIGUB","BE-4",138865164.21,1.768871,13624,24099.1,0.000173543164242084
"343","2018-08-07","52182","CG-CM-AGRESIVO-0","D","52-+CIEQUS-BE-0","52","+CIEQUS","BE-0",138865164.21,0.93939,104895610,98537887.08,0.709593998182188
"344","2018-08-07","52182","CG-CM-AGRESIVO-0","D","52-AXESEDM-E1","52","AXESEDM","E1",138865164.21,2.4641,16356145,40303176.89,0.290232450444167
"345","2018-08-07","52182","CG-CM-AGRESIVO-0","E","EFECTIVO","","EFECTIVO","",138865164.21,1,1.14,1.14,8.20940231112265e-09
"346","2018-08-08","52182","CG-CM-AGRESIVO-0","D","51-+CIGUB-BE-4","51","+CIGUB","BE-4",139045395.59,1.769172,13624,24103.2,0.000173347703444079
"347","2018-08-08","52182","CG-CM-AGRESIVO-0","D","52-+CIEQUS-BE-0","52","+CIEQUS","BE-0",139045395.59,0.939506,104895610,98550054.97,0.708761728871572
"348","2018-08-08","52182","CG-CM-AGRESIVO-0","D","52-AXESEDM-E1","52","AXESEDM","E1",139045395.59,2.474375,16356145,40471236.28,0.291064915226223
"349","2018-08-08","52182","CG-CM-AGRESIVO-0","E","EFECTIVO","","EFECTIVO","",139045395.59,1,1.14,1.14,8.19876124026064e-09
"350","2018-08-09","52182","CG-CM-AGRESIVO-0","D","51-+CIGUB-BE-4","51","+CIGUB","BE-4",138808525.65,1.769471,13624,24107.27,0.000173672833762283
"351","2018-08-09","52182","CG-CM-AGRESIVO-0","D","52-+CIEQUS-BE-0","52","+CIEQUS","BE-0",138808525.65,0.939244,104895610,98522572.32,0.709773206354922
"352","2018-08-09","52182","CG-CM-AGRESIVO-0","D","52-AXESEDM-E1","52","AXESEDM","E1",138808525.65,2.461573,16356145,40261844.92,0.290053112598563
"353","2018-08-09","52182","CG-CM-AGRESIVO-0","E","EFECTIVO","","EFECTIVO","",138808525.65,1,1.14,1.14,8.21275202414053e-09
"354","2018-08-10","52182","CG-CM-AGRESIVO-0","D","51-+CIGUB-BE-4","51","+CIGUB","BE-4",140067564.05,1.769773,13624,24111.39,0.000172141138910597
"355","2018-08-10","52182","CG-CM-AGRESIVO-0","D","52-+CIEQUS-BE-0","52","+CIEQUS","BE-0",140067564.05,0.948351,104895610,99477856.64,0.710213369631311
"356","2018-08-10","52182","CG-CM-AGRESIVO-0","D","52-AXESEDM-E1","52","AXESEDM","E1",140067564.05,2.480144,16356145,40565594.88,0.289614481090849
"357","2018-08-10","52182","CG-CM-AGRESIVO-0","E","EFECTIVO","","EFECTIVO","",140067564.05,1,1.14,1.14,8.13892929267374e-09
"358","2018-08-13","52182","CG-CM-AGRESIVO-0","D","51-+CIGUB-BE-4","51","+CIGUB","BE-4",141132328.11,1.770672,13624,24123.64,0.000170929228781642
"359","2018-08-13","52182","CG-CM-AGRESIVO-0","D","52-+CIEQUS-BE-0","52","+CIEQUS","BE-0",141132328.11,0.958936,104895610,100588176.67,0.712722435866009
"360","2018-08-13","52182","CG-CM-AGRESIVO-0","D","52-AXESEDM-E1","52","AXESEDM","E1",141132328.11,2.477358,16356145,40520026.66,0.287106626827684
"361","2018-08-13","52182","CG-CM-AGRESIVO-0","E","EFECTIVO","","EFECTIVO","",141132328.11,1,1.14,1.14,8.07752564750064e-09
"362","2018-08-14","52182","CG-CM-AGRESIVO-0","D","51-+CIGUB-BE-4","51","+CIGUB","BE-4",142313281.3,1.770972,13624,24127.72,0.000169539482046923
"363","2018-08-14","52182","CG-CM-AGRESIVO-0","D","52-+CIEQUS-BE-0","52","+CIEQUS","BE-0",142313281.3,0.966027,104895610,101331991.44,0.712034678101404
"364","2018-08-14","52182","CG-CM-AGRESIVO-0","D","52-AXESEDM-E1","52","AXESEDM","E1",142313281.3,2.504084,16356145,40957161,0.287795774406053
"365","2018-08-14","52182","CG-CM-AGRESIVO-0","E","EFECTIVO","","EFECTIVO","",142313281.3,1,1.14,1.14,8.01049620658279e-09
"366","2018-08-15","52182","CG-CM-AGRESIVO-0","D","51-+CIGUB-BE-4","51","+CIGUB","BE-4",140377820.25,1.77127,13624,24131.78,0.000171905931841822
"367","2018-08-15","52182","CG-CM-AGRESIVO-0","D","52-+CIEQUS-BE-0","52","+CIEQUS","BE-0",140377820.25,0.953277,104895610,99994572.41,0.712324583982846
"368","2018-08-15","52182","CG-CM-AGRESIVO-0","D","52-AXESEDM-E1","52","AXESEDM","E1",140377820.25,2.46752,16356145,40359114.91,0.287503501893135
"369","2018-08-15","52182","CG-CM-AGRESIVO-0","E","EFECTIVO","","EFECTIVO","",140377820.25,1,1.14,1.14,8.12094102878763e-09
"370","2018-08-16","52182","CG-CM-AGRESIVO-0","D","51-+CIGUB-BE-4","51","+CIGUB","BE-4",140626909.85,1.771576,13624,24135.95,0.000171631091273673
"371","2018-08-16","52182","CG-CM-AGRESIVO-0","D","52-+CIEQUS-BE-0","52","+CIEQUS","BE-0",140626909.85,0.955157,104895610,100191776.16,0.712465176592942
"372","2018-08-16","52182","CG-CM-AGRESIVO-0","D","52-AXESEDM-E1","52","AXESEDM","E1",140626909.85,2.470692,16356145,40410996.6,0.287363184209228
"373","2018-08-16","52182","CG-CM-AGRESIVO-0","E","EFECTIVO","","EFECTIVO","",140626909.85,1,1.14,1.14,8.10655657026087e-09
"374","2018-08-17","52182","CG-CM-AGRESIVO-0","D","51-+CIGUB-BE-4","51","+CIGUB","BE-4",140444422.49,1.771877,13624,24140.05,0.000171883294274067
"375","2018-08-17","52182","CG-CM-AGRESIVO-0","D","52-+CIEQUS-BE-0","52","+CIEQUS","BE-0",140444422.49,0.95277,104895610,99941390.34,0.711608112078043
"376","2018-08-17","52182","CG-CM-AGRESIVO-0","D","52-AXESEDM-E1","52","AXESEDM","E1",140444422.49,2.474843,16356145,40478890.96,0.288219996510593
"377","2018-08-17","52182","CG-CM-AGRESIVO-0","E","EFECTIVO","","EFECTIVO","",140444422.49,1,1.14,1.14,8.11708987646819e-09
"378","2018-08-20","52182","CG-CM-AGRESIVO-0","D","51-+CIGUB-BE-4","51","+CIGUB","BE-4",139813521.47,1.772778,13624,24152.33,0.000172746739700583
"379","2018-08-20","52182","CG-CM-AGRESIVO-0","D","52-+CIEQUS-BE-0","52","+CIEQUS","BE-0",139813521.47,0.947244,104895610,99361737.2,0.710673303664125
"380","2018-08-20","52182","CG-CM-AGRESIVO-0","D","52-AXESEDM-E1","52","AXESEDM","E1",139813521.47,2.471709,16356145,40427630.8,0.289153941442456
"381","2018-08-20","52182","CG-CM-AGRESIVO-0","E","EFECTIVO","","EFECTIVO","",139813521.47,1,1.14,1.14,8.15371780936518e-09
"382","2018-08-21","52182","CG-CM-AGRESIVO-0","D","51-+CIGUB-BE-4","51","+CIGUB","BE-4",141356200.65,1.773076,13624,24156.39,0.000170890204242342
"383","2018-08-21","52182","CG-CM-AGRESIVO-0","D","52-+CIEQUS-BE-0","52","+CIEQUS","BE-0",141356200.65,0.955878,104895610,100267405.9,0.709324426087707
"384","2018-08-21","52182","CG-CM-AGRESIVO-0","D","52-AXESEDM-E1","52","AXESEDM","E1",141356200.65,2.510655,16356145,41064637.22,0.290504675643318
"385","2018-08-21","52182","CG-CM-AGRESIVO-0","E","EFECTIVO","","EFECTIVO","",141356200.65,1,1.14,1.14,8.06473288584387e-09
"386","2018-08-22","52182","CG-CM-AGRESIVO-0","D","51-+CIGUB-BE-4","51","+CIGUB","BE-4",141103636.91,1.773375,13624,24160.46,0.000171224927500701
"387","2018-08-22","52182","CG-CM-AGRESIVO-0","D","52-+CIEQUS-BE-0","52","+CIEQUS","BE-0",141103636.91,0.952689,104895610,99932893.8,0.708223373886104
"388","2018-08-22","52182","CG-CM-AGRESIVO-0","D","52-AXESEDM-E1","52","AXESEDM","E1",141103636.91,2.515665,16356145,41146581.51,0.291605393107227
"389","2018-08-22","52182","CG-CM-AGRESIVO-0","E","EFECTIVO","","EFECTIVO","",141103636.91,1,1.14,1.14,8.07916808499504e-09
"390","2018-08-23","52182","CG-CM-AGRESIVO-0","D","51-+CIGUB-BE-4","51","+CIGUB","BE-4",140652943.35,1.773674,13624,24164.53,0.000171802519196979
"391","2018-08-23","52182","CG-CM-AGRESIVO-0","D","52-+CIEQUS-BE-0","52","+CIEQUS","BE-0",140652943.35,0.950462,104895610,99699291.27,0.708831887164344
"392","2018-08-23","52182","CG-CM-AGRESIVO-0","D","52-AXESEDM-E1","52","AXESEDM","E1",140652943.35,2.502392,16356145,40929486.4,0.290996302140306
"393","2018-08-23","52182","CG-CM-AGRESIVO-0","E","EFECTIVO","","EFECTIVO","",140652943.35,1,1.14,1.14,8.10505612501283e-09
"394","2018-08-24","52182","CG-CM-AGRESIVO-0","D","51-+CIGUB-BE-4","51","+CIGUB","BE-4",141116213.32,1.773972,13624,24168.59,0.000171267279863827
"395","2018-08-24","52182","CG-CM-AGRESIVO-0","D","52-+CIEQUS-BE-0","52","+CIEQUS","BE-0",141116213.32,0.953295,104895610,99996460.53,0.708610712953618
"396","2018-08-24","52182","CG-CM-AGRESIVO-0","D","52-AXESEDM-E1","52","AXESEDM","E1",141116213.32,2.512547,16356145,41095583.05,0.291218011617207
"397","2018-08-24","52182","CG-CM-AGRESIVO-0","E","EFECTIVO","","EFECTIVO","",141116213.32,1,1.14,1.14,8.07844806191686e-09
"398","2018-08-27","52182","CG-CM-AGRESIVO-0","D","51-+CIGUB-BE-4","51","+CIGUB","BE-4",141949445.38,1.774865,13624,24180.76,0.000170347689173902
"399","2018-08-27","52182","CG-CM-AGRESIVO-0","D","52-+CIEQUS-BE-0","52","+CIEQUS","BE-0",141949445.38,0.959278,104895610,100624050.97,0.708872448924534
"400","2018-08-27","52182","CG-CM-AGRESIVO-0","D","52-AXESEDM-E1","52","AXESEDM","E1",141949445.38,2.525119,16356145,41301212.51,0.290957195355264
"401","2018-08-27","52182","CG-CM-AGRESIVO-0","E","EFECTIVO","","EFECTIVO","",141949445.38,1,1.14,1.14,8.03102820830479e-09
"402","2018-08-28","52182","CG-CM-AGRESIVO-0","D","51-+CIGUB-BE-4","51","+CIGUB","BE-4",142433092.02,1.775164,13624,24184.83,0.000169797830384838
"403","2018-08-28","52182","CG-CM-AGRESIVO-0","D","52-+CIEQUS-BE-0","52","+CIEQUS","BE-0",142433092.02,0.963352,104895610,101051395.68,0.709465716476974
"404","2018-08-28","52182","CG-CM-AGRESIVO-0","D","52-AXESEDM-E1","52","AXESEDM","E1",142433092.02,2.528561,16356145,41357510.36,0.290364477618675
"405","2018-08-28","52182","CG-CM-AGRESIVO-0","E","EFECTIVO","","EFECTIVO","",142433092.02,1,1.14,1.14,8.00375800196716e-09
"406","2018-08-29","52182","CG-CM-AGRESIVO-0","D","51-+CIGUB-BE-4","51","+CIGUB","BE-4",144506420.95,1.775464,13624,24188.92,0.000167389932163426
"407","2018-08-29","52182","CG-CM-AGRESIVO-0","D","52-+CIEQUS-BE-0","52","+CIEQUS","BE-0",144506420.95,0.977253,104895610,102509549.56,0.709377125847362
"408","2018-08-29","52182","CG-CM-AGRESIVO-0","D","52-AXESEDM-E1","52","AXESEDM","E1",144506420.95,2.566172,16356145,41972681.33,0.290455476331552
"409","2018-08-29","52182","CG-CM-AGRESIVO-0","E","EFECTIVO","","EFECTIVO","",144506420.95,1,1.14,1.14,7.88892280706645e-09
"410","2018-08-30","52182","CG-CM-AGRESIVO-0","D","51-+CIGUB-BE-4","51","+CIGUB","BE-4",144875465.5,1.775764,13624,24193.01,0.000166991767146384
"411","2018-08-30","52182","CG-CM-AGRESIVO-0","D","52-+CIEQUS-BE-0","52","+CIEQUS","BE-0",144875465.5,0.982078,104895610,103015670.88,0.711063605728328
"412","2018-08-30","52182","CG-CM-AGRESIVO-0","D","52-AXESEDM-E1","52","AXESEDM","E1",144875465.5,2.557791,16356145,41835600.48,0.288769394704723
"413","2018-08-30","52182","CG-CM-AGRESIVO-0","E","EFECTIVO","","EFECTIVO","",144875465.5,1,1.14,1.14,7.8688271755717e-09
"414","2018-08-31","52182","CG-CM-AGRESIVO-0","D","51-+CIGUB-BE-4","51","+CIGUB","BE-4",145280132.74,1.77606,13624,24197.04,0.000166554363240459
"415","2018-08-31","52182","CG-CM-AGRESIVO-0","D","52-+CIEQUS-BE-0","52","+CIEQUS","BE-0",145280132.74,0.985976,104895610,103424553.97,0.711897435798006
"416","2018-08-31","52182","CG-CM-AGRESIVO-0","D","52-AXESEDM-E1","52","AXESEDM","E1",145280132.74,2.557533,16356145,41831380.59,0.287936001991844
"417","2018-08-31","52182","CG-CM-AGRESIVO-0","E","EFECTIVO","","EFECTIVO","",145280132.74,1,1.14,1.14,7.84690912996477e-09
"418","2018-09-03","52182","CG-CM-AGRESIVO-0","D","51-+CIGUB-BE-4","51","+CIGUB","BE-4",144930093.37,1.776961,13624,24209.32,0.000167041360679971
"419","2018-09-03","52182","CG-CM-AGRESIVO-0","D","52-+CIEQUS-BE-0","52","+CIEQUS","BE-0",144930093.37,0.986124,104895610,103440078.52,0.713723948662078
"420","2018-09-03","52182","CG-CM-AGRESIVO-0","D","52-AXESEDM-E1","52","AXESEDM","E1",144930093.37,2.535182,16356145,41465804.39,0.286109002111381
"421","2018-09-03","52182","CG-CM-AGRESIVO-0","E","EFECTIVO","","EFECTIVO","",144930093.37,1,1.14,1.14,7.8658612127547e-09
"422","2018-09-04","52182","CG-CM-AGRESIVO-0","D","51-+CIGUB-BE-4","51","+CIGUB","BE-4",145637622.17,1.777264,13624,24213.44,0.000166258138791473
"423","2018-09-04","52182","CG-CM-AGRESIVO-0","D","52-+CIEQUS-BE-0","52","+CIEQUS","BE-0",145637622.17,0.991858,104895610,104041549.94,0.714386491551986
"424","2018-09-04","52182","CG-CM-AGRESIVO-0","D","52-AXESEDM-E1","52","AXESEDM","E1",145637622.17,2.541666,16356145,41571857.64,0.285447242412912
"425","2018-09-04","52182","CG-CM-AGRESIVO-0","E","EFECTIVO","","EFECTIVO","",145637622.17,1,1.14,1.14,7.82764771227382e-09
"426","2018-09-05","52182","CG-CM-AGRESIVO-0","D","51-+CIGUB-BE-4","51","+CIGUB","BE-4",146094087.73,1.777563,13624,24217.52,0.000165766598609774
"427","2018-09-05","52182","CG-CM-AGRESIVO-0","D","52-+CIEQUS-BE-0","52","+CIEQUS","BE-0",146094087.73,0.997261,104895610,104608300.92,0.716033773477056
"428","2018-09-05","52182","CG-CM-AGRESIVO-0","D","52-AXESEDM-E1","52","AXESEDM","E1",146094087.73,2.534923,16356145,41461568.15,0.283800452121143
"429","2018-09-05","52182","CG-CM-AGRESIVO-0","E","EFECTIVO","","EFECTIVO","",146094087.73,1,1.14,1.14,7.80319051724298e-09
"430","2018-09-06","52182","CG-CM-AGRESIVO-0","D","51-+CIGUB-BE-4","51","+CIGUB","BE-4",143951952.49,1.777864,13624,24221.62,0.000168261837238245
"431","2018-09-06","52182","CG-CM-AGRESIVO-0","D","52-+CIEQUS-BE-0","52","+CIEQUS","BE-0",143951952.49,0.980603,104895610,102860949.85,0.714550571011848
"432","2018-09-06","52182","CG-CM-AGRESIVO-0","D","52-AXESEDM-E1","52","AXESEDM","E1",143951952.49,2.510786,16356145,41066779.88,0.285281159231604
"433","2018-09-06","52182","CG-CM-AGRESIVO-0","E","EFECTIVO","","EFECTIVO","",143951952.49,1,1.14,1.14,7.91930904917176e-09
"434","2018-09-07","52182","CG-CM-AGRESIVO-0","D","51-+CIGUB-BE-4","51","+CIGUB","BE-4",142050956.47,1.778167,13624,24225.75,0.000170542674277003
"435","2018-09-07","52182","CG-CM-AGRESIVO-0","D","52-+CIEQUS-BE-0","52","+CIEQUS","BE-0",142050956.47,0.965218,104895610,101247130.89,0.71275219404371
"436","2018-09-07","52182","CG-CM-AGRESIVO-0","D","52-AXESEDM-E1","52","AXESEDM","E1",142050956.47,2.493228,16356145,40779598.69,0.287077255256724
"437","2018-09-07","52182","CG-CM-AGRESIVO-0","E","EFECTIVO","","EFECTIVO","",142050956.47,1,1.14,1.14,8.02528915207099e-09
