Fecha,Fondeo-BancarioMX,Fondeo-GuberMX,TIIE-28,TIIE-91,Tasa-Banxico
24/01/2008,7.51,7.42,7.93,7.97,7.5
31/01/2008,7.52,7.45,7.9125,7.97,7.5
07/02/2008,7.5,7.43,7.9245,7.9475,7.5
14/02/2008,7.5,7.4,7.9275,7.93,7.5
21/02/2008,7.5,7.41,7.94,7.92,7.5
28/02/2008,7.5,7.42,7.9118,7.94,7.5
06/03/2008,7.5,7.41,7.9175,7.9325,7.5
13/03/2008,7.51,7.41,7.9375,7.9375,7.5
19/03/2008,7.55,7.46,7.9275,7.9525,7.5
27/03/2008,7.49,7.37,7.9375,7.9425,7.5
03/04/2008,7.51,7.35,7.95,7.955,7.5
10/04/2008,7.5,7.32,7.915,7.94,7.5
17/04/2008,7.51,7.34,7.94,7.9525,7.5
24/04/2008,7.51,7.33,7.9375,7.965,7.5
30/04/2008,7.52,7.38,7.93,7.98,7.5
08/05/2008,7.51,7.33,7.94,7.975,7.5
15/05/2008,7.51,7.3,7.92,7.9681,7.5
22/05/2008,7.5,7.32,7.925,7.9481,7.5
29/05/2008,7.51,7.29,7.93,7.94,7.5
05/06/2008,7.51,7.33,7.925,7.94,7.5
12/06/2008,7.51,7.35,7.9225,8.03,7.5
19/06/2008,7.53,7.41,7.9275,8.06,7.5
26/06/2008,7.76,7.62,8.2,8.3675,7.75
03/07/2008,7.76,7.69,8.19,8.38,7.75
10/07/2008,7.75,7.67,8.165,8.3485,7.75
17/07/2008,7.78,7.73,8.2325,8.425,7.75
24/07/2008,7.99,7.89,8.43,8.61,8
31/07/2008,8.05,7.95,8.44,8.675,8
04/08/2008,8,7.9,8.435,8.67,8
05/08/2008,8,7.9,8.45,8.665,8
06/08/2008,8,7.9,8.45,8.6725,8
07/08/2008,7.99,7.89,8.4675,8.695,8
08/08/2008,8,7.89,8.485,8.695,8
11/08/2008,8,7.9,8.45,8.665,8
12/08/2008,8,7.9,8.45,8.67,8
13/08/2008,8,7.9,8.47,8.68,8
14/08/2008,8,7.91,8.475,8.675,8
15/08/2008,8.25,8.15,8.455,8.66,8.25
18/08/2008,8.25,8.16,8.665,8.77,8.25
19/08/2008,8.26,8.16,8.66,8.745,8.25
20/08/2008,8.26,8.15,8.69,8.755,8.25
21/08/2008,8.25,8.15,8.685,8.7575,8.25
22/08/2008,8.24,8.13,8.675,8.75,8.25
25/08/2008,8.24,8.14,8.6775,8.7525,8.25
26/08/2008,8.25,8.17,8.675,8.75,8.25
27/08/2008,8.25,8.16,8.65,8.74,8.25
28/08/2008,8.26,8.17,8.645,8.73,8.25
29/08/2008,8.28,8.21,8.66,8.7375,8.25
01/09/2008,8.25,8.16,8.66,8.735,8.25
02/09/2008,8.25,8.17,8.665,8.755,8.25
03/09/2008,8.25,8.18,8.66,8.74,8.25
04/09/2008,8.26,8.18,8.66,8.745,8.25
05/09/2008,8.25,8.17,8.66,8.74,8.25
08/09/2008,8.25,8.18,8.66,8.735,8.25
09/09/2008,8.25,8.19,8.665,8.74,8.25
10/09/2008,8.26,8.19,8.655,8.74,8.25
11/09/2008,8.26,8.2,8.66,8.745,8.25
12/09/2008,8.26,8.19,8.665,8.745,8.25
15/09/2008,8.27,8.21,8.66,8.74,8.25
17/09/2008,8.26,8.2,8.655,8.74,8.25
18/09/2008,8.27,8.2,8.65,8.75,8.25
19/09/2008,8.26,8.2,8.65,8.75,8.25
22/09/2008,8.25,8.19,8.66,8.75,8.25
23/09/2008,8.25,8.18,8.66,8.735,8.25
24/09/2008,8.25,8.18,8.66,8.75,8.25
25/09/2008,8.26,8.19,8.6725,8.745,8.25
26/09/2008,8.25,8.19,8.68,8.755,8.25
29/09/2008,8.26,8.2,8.655,8.735,8.25
30/09/2008,8.27,8.24,8.655,8.73,8.25
01/10/2008,8.25,8.19,8.67,8.74,8.25
02/10/2008,8.25,8.24,8.68,8.75,8.25
03/10/2008,8.25,8.17,8.665,8.745,8.25
06/10/2008,8.23,8.17,8.67,8.75,8.25
07/10/2008,8.23,8.13,8.6725,8.755,8.25
08/10/2008,8.17,8.06,8.665,8.735,8.25
09/10/2008,8.12,8.01,8.67,8.74,8.25
10/10/2008,8.07,7.95,8.66,8.735,8.25
13/10/2008,8.11,7.99,8.68,8.75,8.25
14/10/2008,8.14,8.07,8.68,8.74,8.25
15/10/2008,8.07,7.97,8.66,8.73,8.25
16/10/2008,7.89,7.64,8.66,8.73,8.25
17/10/2008,7.63,7.47,8.655,8.735,8.25
20/10/2008,7.69,7.38,8.6925,8.76,8.25
21/10/2008,8.06,7.87,8.7125,8.81,8.25
22/10/2008,7.84,7.39,8.68,8.795,8.25
23/10/2008,7.6,7.03,8.685,8.76,8.25
24/10/2008,7.43,6.41,8.685,8.775,8.25
27/10/2008,7.72,6.89,8.685,8.785,8.25
28/10/2008,8.01,7.47,8.7,8.785,8.25
29/10/2008,8,7.54,8.675,8.77,8.25
30/10/2008,7.9,7.51,8.6575,8.7275,8.25
31/10/2008,8.12,7.86,8.6975,8.8075,8.25
03/11/2008,7.93,7.44,8.73,8.82,8.25
04/11/2008,7.99,7.56,8.74,8.83,8.25
05/11/2008,7.98,7.51,8.725,8.815,8.25
06/11/2008,7.98,7.52,8.73,8.815,8.25
07/11/2008,8.05,7.62,8.715,8.81,8.25
10/11/2008,8.06,7.71,8.735,8.8,8.25
11/11/2008,8.1,7.79,8.75,8.8275,8.25
12/11/2008,8.15,7.9,8.72,8.805,8.25
13/11/2008,8.19,7.99,8.7475,8.845,8.25
14/11/2008,8.2,8.03,8.72,8.82,8.25
18/11/2008,8.22,7.98,8.745,8.815,8.25
19/11/2008,8.23,8.04,8.72,8.805,8.25
20/11/2008,8.23,8.05,8.74,8.82,8.25
21/11/2008,8.18,8.05,8.755,8.84,8.25
24/11/2008,8.17,8,8.7275,8.85,8.25
25/11/2008,8.17,8.02,8.765,8.88,8.25
26/11/2008,8.19,8,8.72,8.85,8.25
27/11/2008,8.16,7.98,8.73,8.84,8.25
28/11/2008,8.2,8.04,8.73,8.85,8.25
01/12/2008,8.2,8.1,8.72,8.835,8.25
02/12/2008,8.18,8.05,8.77,8.86,8.25
03/12/2008,8.17,8.01,8.8,8.87,8.25
04/12/2008,8.2,8.04,8.745,8.83,8.25
05/12/2008,8.22,8.06,8.77,8.85,8.25
08/12/2008,8.24,8.07,8.7875,8.845,8.25
09/12/2008,8.24,8.09,8.7325,8.82,8.25
10/12/2008,8.26,8.2,8.74,8.83,8.25
11/12/2008,8.25,8.14,8.77,8.845,8.25
15/12/2008,8.27,8.12,8.745,8.835,8.25
16/12/2008,8.3,8.21,8.75,8.835,8.25
17/12/2008,8.31,8.23,8.7525,8.8325,8.25
18/12/2008,8.32,8.22,8.75,8.815,8.25
19/12/2008,8.3,8.19,8.715,8.785,8.25
22/12/2008,8.31,8.19,8.7375,8.8,8.25
23/12/2008,8.31,8.19,8.705,8.785,8.25
24/12/2008,8.31,8.2,8.725,8.8,8.25
26/12/2008,8.3,8.19,8.74,8.81,8.25
29/12/2008,8.33,8.2,8.7061,8.771,8.25
30/12/2008,8.33,8.2,8.6835,8.7458,8.25
31/12/2008,8.34,8.23,8.6886,8.7435,8.25
02/01/2009,8.3,8.16,8.7018,8.7408,8.25
05/01/2009,8.3,8.16,8.7075,8.74,8.25
06/01/2009,8.29,8.16,8.7,8.735,8.25
07/01/2009,8.3,8.16,8.7,8.735,8.25
08/01/2009,8.3,8.16,8.69,8.71,8.25
09/01/2009,8.29,8.15,8.685,8.725,8.25
12/01/2009,8.31,8.16,8.665,8.655,8.25
13/01/2009,8.31,8.17,8.645,8.635,8.25
14/01/2009,8.3,8.17,8.636,8.652,8.25
15/01/2009,8.31,8.17,8.6125,8.62,8.25
16/01/2009,7.79,7.67,8.585,8.565,7.75
19/01/2009,7.79,7.69,8.1875,8.1625,7.75
20/01/2009,7.81,7.67,8.16,8.16,7.75
21/01/2009,7.8,7.68,8.155,8.15,7.75
22/01/2009,7.8,7.66,8.15,8.125,7.75
23/01/2009,7.73,7.58,8.1325,8.1,7.75
26/01/2009,7.75,7.64,8.1368,8.1116,7.75
27/01/2009,7.76,7.64,8.13,8.11,7.75
28/01/2009,7.76,7.64,8.1255,8.1091,7.75
29/01/2009,7.76,7.64,8.1,8.075,7.75
30/01/2009,7.76,7.67,8.105,8.085,7.75
03/02/2009,7.77,7.66,8.1,8.0325,7.75
04/02/2009,7.76,7.65,8.075,8.04,7.75
05/02/2009,7.77,7.65,8.0375,7.985,7.75
06/02/2009,7.75,7.66,8.01,7.96,7.75
09/02/2009,7.77,7.67,7.97,7.95,7.75
10/02/2009,7.75,7.67,7.975,7.92,7.75
11/02/2009,7.75,7.67,7.945,7.89,7.75
12/02/2009,7.75,7.7,7.935,7.885,7.75
13/02/2009,7.76,7.68,7.935,7.87,7.75
16/02/2009,7.76,7.68,7.9093,7.8351,7.75
17/02/2009,7.76,7.68,7.885,7.81,7.75
18/02/2009,7.76,7.69,7.84,7.745,7.75
19/02/2009,7.77,7.71,7.835,7.7588,7.75
20/02/2009,7.52,7.42,7.8,7.72,7.5
23/02/2009,7.52,7.46,7.915,7.82,7.5
24/02/2009,7.51,7.45,7.89,7.8,7.5
25/02/2009,7.51,7.44,7.92,7.805,7.5
26/02/2009,7.5,7.42,7.91,7.79,7.5
27/02/2009,7.53,7.45,7.9085,7.805,7.5
02/03/2009,7.5,7.43,7.925,7.81,7.5
03/03/2009,7.5,7.43,7.93,7.81,7.5
04/03/2009,7.5,7.42,7.915,7.825,7.5
05/03/2009,7.5,7.42,7.9,7.825,7.5
06/03/2009,7.5,7.42,7.895,7.805,7.5
09/03/2009,7.5,7.43,7.905,7.82,7.5
10/03/2009,7.5,7.42,7.9,7.825,7.5
11/03/2009,7.5,7.43,7.91,7.8275,7.5
12/03/2009,7.5,7.42,7.9,7.8138,7.5
13/03/2009,7.51,7.45,7.895,7.79,7.5
17/03/2009,7.5,7.45,7.875,7.775,7.5
18/03/2009,7.51,7.47,7.8275,7.73,7.5
19/03/2009,7.54,7.5,7.815,7.72,7.5
20/03/2009,6.77,6.76,7.76,7.675,6.75
23/03/2009,6.77,6.72,7.2,7.075,6.75
24/03/2009,6.77,6.73,7.185,7.075,6.75
25/03/2009,6.76,6.72,7.175,7.05,6.75
26/03/2009,6.76,6.71,7.17,7.06,6.75
27/03/2009,6.76,6.7,7.135,7.03,6.75
30/03/2009,6.76,6.71,7.13,7.025,6.75
31/03/2009,6.79,6.74,7.15,7.04,6.75
01/04/2009,6.76,6.72,7.12,6.98,6.75
02/04/2009,6.76,6.7,7.085,6.93,6.75
03/04/2009,6.76,6.7,7.045,6.875,6.75
06/04/2009,6.76,6.7,7.025,6.835,6.75
07/04/2009,6.77,6.73,6.9775,6.77,6.75
08/04/2009,6.78,6.74,6.95,6.745,6.75
13/04/2009,6.77,6.72,6.915,6.68,6.75
14/04/2009,6.79,6.74,6.88,6.675,6.75
15/04/2009,6.78,6.74,6.84,6.62,6.75
16/04/2009,6.79,6.74,6.78,6.56,6.75
17/04/2009,6.04,5.99,6.725,6.53,6
20/04/2009,6.03,5.98,6.495,6.355,6
21/04/2009,6.04,5.99,6.44,6.3018,6
22/04/2009,6.01,5.97,6.4161,6.26,6
23/04/2009,6,5.92,6.365,6.21,6
24/04/2009,5.99,5.91,6.34,6.185,6
27/04/2009,6,5.93,6.325,6.14,6
28/04/2009,6,5.93,6.3012,6.1346,6
29/04/2009,6.01,5.94,6.275,6.115,6
30/04/2009,6.03,5.95,6.2475,6.0858,6
04/05/2009,6,5.92,6.21,6.0255,6
05/05/2009,6,5.92,6.195,6.015,6
06/05/2009,6,5.92,6.15,5.93,6
07/05/2009,6,5.94,6.115,5.9035,6
08/05/2009,6.02,5.94,6.0475,5.845,6
11/05/2009,6.01,5.95,6.005,5.82,6
12/05/2009,6.03,5.92,5.96,5.77,6
13/05/2009,6.03,5.96,5.925,5.74,6
14/05/2009,6.03,5.96,5.85,5.685,6
15/05/2009,5.27,5.21,5.7921,5.6618,5.25
18/05/2009,5.27,5.2,5.656,5.58,5.25
19/05/2009,5.26,5.2,5.64,5.58,5.25
20/05/2009,5.26,5.22,5.615,5.53,5.25
21/05/2009,5.25,5.21,5.57,5.515,5.25
22/05/2009,5.25,5.2,5.55,5.48,5.25
25/05/2009,5.25,5.19,5.5116,5.431,5.25
26/05/2009,5.25,5.19,5.4869,5.399,5.25
27/05/2009,5.24,5.18,5.455,5.375,5.25
28/05/2009,5.25,5.19,5.43,5.35,5.25
29/05/2009,5.27,5.25,5.435,5.335,5.25
01/06/2009,5.25,5.2,5.435,5.33,5.25
02/06/2009,5.25,5.2,5.4106,5.3215,5.25
03/06/2009,5.25,5.19,5.41,5.315,5.25
04/06/2009,5.25,5.19,5.39,5.295,5.25
05/06/2009,5.25,5.19,5.38,5.28,5.25
08/06/2009,5.25,5.19,5.37,5.265,5.25
09/06/2009,5.25,5.19,5.36,5.265,5.25
10/06/2009,5.25,5.19,5.355,5.25,5.25
11/06/2009,5.25,5.19,5.32,5.23,5.25
12/06/2009,5.25,5.19,5.31,5.22,5.25
15/06/2009,5.25,5.18,5.295,5.205,5.25
16/06/2009,5.25,5.18,5.285,5.195,5.25
17/06/2009,5.25,5.2,5.25,5.15,5.25
18/06/2009,5.27,5.23,5.225,5.14,5.25
19/06/2009,4.77,4.72,5.2037,5.12,4.75
22/06/2009,4.77,4.73,5.125,5.0505,4.75
23/06/2009,4.76,4.72,5.12,5.055,4.75
24/06/2009,4.76,4.72,5.115,5.055,4.75
25/06/2009,4.77,4.72,5.1113,5.07,4.75
26/06/2009,4.77,4.74,5.12,5.07,4.75
29/06/2009,4.79,4.75,5.085,5.055,4.75
30/06/2009,4.86,4.81,5.085,5.04,4.75
01/07/2009,4.78,4.75,5.0665,5.0205,4.75
02/07/2009,4.77,4.75,5.065,5.04,4.75
03/07/2009,4.79,4.77,5.045,5.02,4.75
06/07/2009,4.79,4.78,5.03,4.9967,4.75
07/07/2009,4.8,4.78,5.005,4.975,4.75
08/07/2009,4.79,4.76,4.95,4.95,4.75
09/07/2009,4.79,4.76,4.9228,4.8816,4.75
10/07/2009,4.79,4.76,4.9,4.875,4.75
13/07/2009,4.78,4.75,4.875,4.855,4.75
14/07/2009,4.78,4.76,4.855,4.84,4.75
15/07/2009,4.79,4.77,4.835,4.83,4.75
16/07/2009,4.79,4.8,4.855,4.84,4.75
17/07/2009,4.53,4.48,4.87,4.865,4.5
20/07/2009,4.52,4.48,4.845,4.83,4.5
21/07/2009,4.52,4.49,4.87,4.87,4.5
22/07/2009,4.52,4.47,4.88,4.88,4.5
23/07/2009,4.51,4.43,4.889,4.8958,4.5
24/07/2009,4.48,4.4,4.88,4.88,4.5
27/07/2009,4.51,4.46,4.8905,4.9108,4.5
28/07/2009,4.51,4.45,4.9,4.905,4.5
29/07/2009,4.51,4.45,4.8968,4.9136,4.5
30/07/2009,4.52,4.49,4.885,4.9,4.5
31/07/2009,4.58,4.55,4.885,4.91,4.5
03/08/2009,4.51,4.46,4.895,4.915,4.5
04/08/2009,4.52,4.47,4.9105,4.9351,4.5
05/08/2009,4.53,4.48,4.8865,4.935,4.5
06/08/2009,4.52,4.47,4.89,4.9456,4.5
07/08/2009,4.51,4.45,4.9001,4.9585,4.5
10/08/2009,4.51,4.45,4.895,4.94,4.5
11/08/2009,4.5,4.45,4.9008,4.9688,4.5
12/08/2009,4.51,4.45,4.9,4.9745,4.5
13/08/2009,4.53,4.46,4.8755,4.955,4.5
14/08/2009,4.53,4.48,4.8655,4.94,4.5
17/08/2009,4.54,4.49,4.867,4.9557,4.5
18/08/2009,4.54,4.48,4.895,4.9799,4.5
19/08/2009,4.52,4.46,4.885,4.96,4.5
20/08/2009,4.52,4.45,4.905,4.975,4.5
21/08/2009,4.52,4.45,4.8975,4.965,4.5
24/08/2009,4.52,4.44,4.895,4.965,4.5
25/08/2009,4.51,4.44,4.8725,4.935,4.5
26/08/2009,4.51,4.41,4.855,4.92,4.5
27/08/2009,4.51,4.42,4.8882,4.954,4.5
28/08/2009,4.52,4.41,4.8985,4.969,4.5
31/08/2009,4.55,4.46,4.9,4.97,4.5
01/09/2009,4.52,4.44,4.88,4.96,4.5
02/09/2009,4.54,4.45,4.9053,4.9968,4.5
03/09/2009,4.52,4.45,4.905,4.9825,4.5
04/09/2009,4.53,4.43,4.885,4.965,4.5
07/09/2009,4.51,4.43,4.9,4.945,4.5
08/09/2009,4.52,4.43,4.91,4.96,4.5
09/09/2009,4.52,4.45,4.9258,4.9916,4.5
10/09/2009,4.53,4.45,4.9225,4.99,4.5
11/09/2009,4.52,4.45,4.91,4.995,4.5
14/09/2009,4.52,4.44,4.885,4.97,4.5
15/09/2009,4.53,4.46,4.894,4.9935,4.5
17/09/2009,4.55,4.45,4.9163,5.0316,4.5
18/09/2009,4.55,4.45,4.905,5.015,4.5
21/09/2009,4.53,4.44,4.9325,5.0526,4.5
22/09/2009,4.52,4.43,4.915,5.02,4.5
23/09/2009,4.52,4.42,4.915,5.025,4.5
24/09/2009,4.51,4.4,4.928,5.0521,4.5
25/09/2009,4.52,4.43,4.9375,5.05,4.5
28/09/2009,4.53,4.46,4.905,5.03,4.5
29/09/2009,4.57,4.5,4.9263,5.0299,4.5
30/09/2009,4.66,4.59,4.93,5.03,4.5
01/10/2009,4.52,4.44,4.9349,5.0349,4.5
02/10/2009,4.54,4.44,4.94,5.01,4.5
05/10/2009,4.52,4.41,4.94,5.015,4.5
06/10/2009,4.52,4.41,4.91,4.995,4.5
07/10/2009,4.52,4.42,4.915,5,4.5
08/10/2009,4.53,4.44,4.9225,5.025,4.5
09/10/2009,4.53,4.44,4.92,5.01,4.5
12/10/2009,4.53,4.43,4.9275,5.0225,4.5
13/10/2009,4.52,4.44,4.9423,5.0498,4.5
14/10/2009,4.52,4.44,4.9402,5.0692,4.5
15/10/2009,4.55,4.47,4.94,5.0795,4.5
16/10/2009,4.59,4.5,4.915,5.045,4.5
19/10/2009,4.55,4.46,4.895,5.005,4.5
20/10/2009,4.55,4.46,4.91,5.02,4.5
21/10/2009,4.53,4.43,4.9186,5.0336,4.5
22/10/2009,4.52,4.43,4.895,4.9725,4.5
23/10/2009,4.5,4.44,4.9198,4.9961,4.5
26/10/2009,4.52,4.43,4.9367,5.0299,4.5
27/10/2009,4.53,4.43,4.9333,5.0399,4.5
28/10/2009,4.55,4.47,4.91,5.005,4.5
29/10/2009,4.56,4.47,4.9389,5.0464,4.5
30/10/2009,4.6,4.5,4.9513,5.05,4.5
03/11/2009,4.54,4.45,4.935,5.0175,4.5
04/11/2009,4.59,4.53,4.9316,5.0264,4.5
05/11/2009,4.65,4.57,4.9295,5.0455,4.5
06/11/2009,4.69,4.61,4.91,5.045,4.5
09/11/2009,4.62,4.55,4.934,5.08,4.5
10/11/2009,4.69,4.61,4.936,5.0975,4.5
11/11/2009,4.69,4.65,4.92,5.075,4.5
12/11/2009,4.63,4.57,4.9385,5.106,4.5
13/11/2009,4.53,4.44,4.92,5.07,4.5
17/11/2009,4.53,4.44,4.92,5.065,4.5
18/11/2009,4.57,4.48,4.915,5.06,4.5
19/11/2009,4.56,4.47,4.8975,5.055,4.5
20/11/2009,4.54,4.47,4.9376,5.0963,4.5
23/11/2009,4.53,4.44,4.955,5.14,4.5
24/11/2009,4.53,4.45,4.9725,5.14,4.5
25/11/2009,4.55,4.46,4.94,5.1,4.5
26/11/2009,4.54,4.46,4.925,5.07,4.5
27/11/2009,4.54,4.45,4.93,5.065,4.5
30/11/2009,4.6,4.49,4.945,5.045,4.5
01/12/2009,4.55,4.47,4.94,5.055,4.5
02/12/2009,4.58,4.49,4.945,5.0525,4.5
03/12/2009,4.59,4.49,4.97,5.1201,4.5
04/12/2009,4.58,4.48,4.95,5.095,4.5
07/12/2009,4.57,4.47,4.975,5.1,4.5
08/12/2009,4.57,4.47,4.935,5.075,4.5
09/12/2009,4.57,4.48,4.9287,5.0675,4.5
10/12/2009,4.59,4.5,4.92,5.035,4.5
11/12/2009,4.61,4.51,4.91,5.02,4.5
14/12/2009,4.64,4.53,4.89,5,4.5
15/12/2009,4.72,4.64,4.9,5.02,4.5
16/12/2009,4.6,4.51,4.94,5.0988,4.5
17/12/2009,4.61,4.51,4.9575,5.1475,4.5
18/12/2009,4.61,4.51,4.92,5.0687,4.5
21/12/2009,4.61,4.53,4.9,5.02,4.5
22/12/2009,4.62,4.57,4.9223,5.0813,4.5
23/12/2009,4.96,4.83,4.915,5.07,4.5
24/12/2009,4.71,4.56,4.945,5.1254,4.5
28/12/2009,4.61,4.52,4.945,5.0775,4.5
29/12/2009,4.61,4.5,4.91,5.06,4.5
30/12/2009,4.64,4.5,4.94,5.125,4.5
31/12/2009,4.68,4.63,4.915,5.075,4.5
04/01/2010,4.58,4.51,4.9231,5.1121,4.5
05/01/2010,4.6,4.52,4.91,5.075,4.5
06/01/2010,4.6,4.5,4.895,5.065,4.5
07/01/2010,4.6,4.51,4.913,5.0918,4.5
08/01/2010,4.61,4.52,4.925,5.085,4.5
11/01/2010,4.61,4.53,4.925,5.095,4.5
12/01/2010,4.61,4.54,4.93,5.1,4.5
13/01/2010,4.59,4.52,4.92,5.1,4.5
14/01/2010,4.59,4.52,4.9125,5.085,4.5
15/01/2010,4.61,4.56,4.915,5.0825,4.5
18/01/2010,4.62,4.54,4.91,5.075,4.5
19/01/2010,4.62,4.55,4.895,5.07,4.5
20/01/2010,4.61,4.56,4.88,5.025,4.5
21/01/2010,4.6,4.55,4.915,5.0375,4.5
22/01/2010,4.61,4.55,4.91,5.03,4.5
25/01/2010,4.59,4.53,4.885,5,4.5
26/01/2010,4.59,4.53,4.915,5.02,4.5
27/01/2010,4.6,4.53,4.9005,5.02,4.5
28/01/2010,4.6,4.54,4.9165,5.02,4.5
29/01/2010,4.74,4.67,4.905,4.99,4.5
02/02/2010,4.62,4.57,4.87,4.965,4.5
03/02/2010,4.6,4.55,4.8885,5.005,4.5
04/02/2010,4.63,4.59,4.865,4.985,4.5
05/02/2010,4.71,4.69,4.8875,4.9975,4.5
08/02/2010,4.63,4.63,4.8951,5.0385,4.5
09/02/2010,4.69,4.71,4.865,4.984,4.5
10/02/2010,4.79,4.77,4.9,5.005,4.5
11/02/2010,4.67,4.62,4.915,5.01,4.5
12/02/2010,4.64,4.59,4.885,4.965,4.5
15/02/2010,4.63,4.58,4.9185,5.0248,4.5
16/02/2010,4.61,4.58,4.935,5.055,4.5
17/02/2010,4.63,4.59,4.91,5.02,4.5
18/02/2010,4.64,4.59,4.9499,5.055,4.5
19/02/2010,4.62,4.6,4.97,5.075,4.5
22/02/2010,4.64,4.6,4.965,5.06,4.5
23/02/2010,4.62,4.58,4.96,5.04,4.5
24/02/2010,4.63,4.58,4.975,5.06,4.5
25/02/2010,4.58,4.54,4.955,5.07,4.5
26/02/2010,4.59,4.53,4.92,5.035,4.5
01/03/2010,4.58,4.52,4.93,5.05,4.5
02/03/2010,4.57,4.52,4.92,5.05,4.5
03/03/2010,4.57,4.52,4.92,5.03,4.5
04/03/2010,4.57,4.52,4.935,5.02,4.5
05/03/2010,4.57,4.52,4.93,5.05,4.5
08/03/2010,4.56,4.52,4.915,5.025,4.5
09/03/2010,4.56,4.52,4.92,5.05,4.5
10/03/2010,4.56,4.52,4.915,5.02,4.5
11/03/2010,4.56,4.52,4.905,5.015,4.5
12/03/2010,4.57,4.52,4.9,5,4.5
16/03/2010,4.57,4.52,4.91,5.01,4.5
17/03/2010,4.58,4.51,4.92,5.015,4.5
18/03/2010,4.58,4.51,4.92,5.015,4.5
19/03/2010,4.57,4.53,4.93,5.03,4.5
22/03/2010,4.57,4.52,4.91,5,4.5
23/03/2010,4.57,4.52,4.93,5.025,4.5
24/03/2010,4.57,4.52,4.945,5.045,4.5
25/03/2010,4.57,4.52,4.925,5.025,4.5
26/03/2010,4.58,4.52,4.95,5.05,4.5
29/03/2010,4.58,4.53,4.94,5.015,4.5
30/03/2010,4.59,4.52,4.925,4.9815,4.5
31/03/2010,4.61,4.54,4.915,5.015,4.5
05/04/2010,4.59,4.53,4.9075,5.0286,4.5
06/04/2010,4.59,4.54,4.895,5.015,4.5
07/04/2010,4.58,4.54,4.925,5.03,4.5
08/04/2010,4.59,4.54,4.91,5.01,4.5
09/04/2010,4.59,4.54,4.9108,5.0246,4.5
12/04/2010,4.6,4.54,4.94,5.045,4.5
13/04/2010,4.6,4.54,4.945,5.05,4.5
14/04/2010,4.6,4.55,4.92,5.025,4.5
15/04/2010,4.6,4.54,4.935,5.01,4.5
16/04/2010,4.61,4.55,4.9495,5.02,4.5
19/04/2010,4.61,4.54,4.945,5.045,4.5
20/04/2010,4.61,4.54,4.975,5.045,4.5
21/04/2010,4.6,4.54,4.95,5,4.5
22/04/2010,4.61,4.54,4.95,5,4.5
23/04/2010,4.62,4.55,4.925,4.995,4.5
26/04/2010,4.61,4.54,4.945,5.03,4.5
27/04/2010,4.6,4.54,4.9575,5.035,4.5
28/04/2010,4.6,4.55,4.95,5.035,4.5
29/04/2010,4.61,4.54,4.95,5.05,4.5
30/04/2010,4.66,4.61,4.955,5.045,4.5
03/05/2010,4.61,4.54,4.935,5.02,4.5
04/05/2010,4.61,4.55,4.95,5.0461,4.5
05/05/2010,4.61,4.55,4.945,5.04,4.5
06/05/2010,4.63,4.57,4.96,5.055,4.5
07/05/2010,4.64,4.6,4.945,5.0625,4.5
10/05/2010,4.59,4.54,4.93,5.03,4.5
11/05/2010,4.61,4.55,4.9025,5.075,4.5
12/05/2010,4.61,4.55,4.905,5.0525,4.5
13/05/2010,4.61,4.56,4.94,5.0575,4.5
14/05/2010,4.63,4.57,4.935,5.03,4.5
17/05/2010,4.63,4.57,4.95,5.055,4.5
18/05/2010,4.61,4.56,4.955,5.05,4.5
19/05/2010,4.59,4.55,4.9638,5.055,4.5
20/05/2010,4.58,4.53,4.9486,5.0306,4.5
21/05/2010,4.58,4.53,4.95,5.0265,4.5
24/05/2010,4.59,4.54,4.94,5.005,4.5
25/05/2010,4.59,4.54,4.94,5.025,4.5
26/05/2010,4.59,4.53,4.93,4.99,4.5
27/05/2010,4.59,4.54,4.9491,5.0062,4.5
28/05/2010,4.59,4.54,4.975,5.0293,4.5
31/05/2010,4.61,4.55,4.965,5.03,4.5
01/06/2010,4.59,4.54,4.95,5.03,4.5
02/06/2010,4.59,4.54,4.925,5.005,4.5
03/06/2010,4.59,4.54,4.935,5.0195,4.5
04/06/2010,4.58,4.55,4.92,4.995,4.5
07/06/2010,4.58,4.55,4.935,5,4.5
08/06/2010,4.59,4.54,4.97,5.0391,4.5
09/06/2010,4.59,4.55,4.945,4.995,4.5
10/06/2010,4.59,4.55,4.95,5.015,4.5
11/06/2010,4.59,4.55,4.925,4.99,4.5
14/06/2010,4.58,4.55,4.92,5.02,4.5
15/06/2010,4.57,4.55,4.93,5.005,4.5
16/06/2010,4.58,4.55,4.94,5.02,4.5
17/06/2010,4.59,4.55,4.9525,5.025,4.5
18/06/2010,4.59,4.55,4.935,4.985,4.5
21/06/2010,4.58,4.55,4.925,4.99,4.5
22/06/2010,4.58,4.55,4.915,4.995,4.5
23/06/2010,4.59,4.56,4.9341,5.02,4.5
24/06/2010,4.59,4.56,4.925,5,4.5
25/06/2010,4.58,4.55,4.95,5.04,4.5
28/06/2010,4.59,4.55,4.945,5.045,4.5
29/06/2010,4.6,4.55,4.9468,5.047,4.5
30/06/2010,4.63,4.59,4.955,5.04,4.5
01/07/2010,4.59,4.57,4.925,5.025,4.5
02/07/2010,4.6,4.56,4.94,5.03,4.5
05/07/2010,4.6,4.56,4.9149,5.01,4.5
06/07/2010,4.6,4.57,4.9073,4.9943,4.5
07/07/2010,4.6,4.57,4.92,5.01,4.5
08/07/2010,4.61,4.57,4.945,5.035,4.5
09/07/2010,4.62,4.58,4.9299,5.04,4.5
12/07/2010,4.62,4.58,4.935,5.035,4.5
13/07/2010,4.61,4.58,4.925,5.005,4.5
14/07/2010,4.62,4.58,4.9,4.985,4.5
15/07/2010,4.61,4.59,4.905,4.99,4.5
16/07/2010,4.63,4.59,4.9175,5.01,4.5
19/07/2010,4.63,4.59,4.8949,4.9875,4.5
20/07/2010,4.63,4.6,4.895,4.99,4.5
21/07/2010,4.63,4.59,4.92,5.015,4.5
22/07/2010,4.63,4.59,4.895,5.01,4.5
23/07/2010,4.62,4.59,4.9199,5.025,4.5
26/07/2010,4.63,4.59,4.9,4.995,4.5
27/07/2010,4.62,4.6,4.915,5,4.5
28/07/2010,4.61,4.58,4.94,5.02,4.5
29/07/2010,4.57,4.54,4.945,5.0103,4.5
30/07/2010,4.6,4.57,4.935,5,4.5
02/08/2010,4.58,4.56,4.915,4.985,4.5
03/08/2010,4.58,4.54,4.9,4.985,4.5
04/08/2010,4.58,4.55,4.9,4.98,4.5
05/08/2010,4.59,4.55,4.92,5,4.5
06/08/2010,4.59,4.56,4.895,4.965,4.5
09/08/2010,4.6,4.56,4.895,4.965,4.5
10/08/2010,4.6,4.57,4.925,5,4.5
11/08/2010,4.61,4.57,4.925,5.025,4.5
12/08/2010,4.62,4.57,4.8949,4.97,4.5
13/08/2010,4.63,4.58,4.9,5,4.5
16/08/2010,4.62,4.58,4.875,4.98,4.5
17/08/2010,4.63,4.59,4.8899,4.99,4.5
18/08/2010,4.63,4.6,4.8999,4.99,4.5
19/08/2010,4.62,4.59,4.91,4.985,4.5
20/08/2010,4.63,4.6,4.925,5.02,4.5
23/08/2010,4.63,4.6,4.91,4.985,4.5
24/08/2010,4.63,4.59,4.8949,4.9849,4.5
25/08/2010,4.62,4.59,4.92,5.015,4.5
26/08/2010,4.61,4.59,4.904,4.99,4.5
27/08/2010,4.6,4.56,4.915,5.015,4.5
30/08/2010,4.6,4.56,4.899,4.97,4.5
31/08/2010,4.6,4.56,4.88,4.959,4.5
01/09/2010,4.58,4.54,4.875,4.945,4.5
02/09/2010,4.57,4.54,4.914,4.984,4.5
03/09/2010,4.57,4.54,4.92,4.985,4.5
06/09/2010,4.57,4.54,4.91,4.98,4.5
07/09/2010,4.57,4.53,4.9033,4.975,4.5
08/09/2010,4.56,4.53,4.91,5.005,4.5
09/09/2010,4.56,4.53,4.88,4.965,4.5
10/09/2010,4.57,4.53,4.905,4.99,4.5
13/09/2010,4.57,4.54,4.924,5.014,4.5
14/09/2010,4.55,4.51,4.899,4.984,4.5
15/09/2010,4.57,4.53,4.91,5.005,4.5
20/09/2010,4.58,4.54,4.895,4.99,4.5
21/09/2010,4.58,4.55,4.905,4.96,4.5
22/09/2010,4.57,4.53,4.925,4.985,4.5
23/09/2010,4.57,4.54,4.904,4.984,4.5
24/09/2010,4.56,4.54,4.88,4.96,4.5
27/09/2010,4.56,4.54,4.905,4.985,4.5
28/09/2010,4.56,4.54,4.895,4.97,4.5
29/09/2010,4.57,4.54,4.88,4.96,4.5
30/09/2010,4.6,4.57,4.8733,4.955,4.5
01/10/2010,4.57,4.56,4.895,4.98,4.5
04/10/2010,4.58,4.56,4.88,4.99,4.5
05/10/2010,4.59,4.56,4.895,4.995,4.5
06/10/2010,4.57,4.55,4.9,5,4.5
07/10/2010,4.56,4.53,4.905,5,4.5
08/10/2010,4.56,4.54,4.88,4.97,4.5
11/10/2010,4.56,4.53,4.8575,4.96,4.5
12/10/2010,4.55,4.52,4.87,4.97,4.5
13/10/2010,4.51,4.47,4.89,4.995,4.5
14/10/2010,4.46,4.42,4.8618,4.9603,4.5
15/10/2010,4.45,4.41,4.845,4.91,4.5
18/10/2010,4.52,4.49,4.87,4.925,4.5
19/10/2010,4.51,4.47,4.8749,4.945,4.5
20/10/2010,4.51,4.48,4.8649,4.955,4.5
21/10/2010,4.54,4.49,4.84,4.91,4.5
22/10/2010,4.54,4.51,4.875,4.94,4.5
25/10/2010,4.53,4.5,4.855,4.94,4.5
26/10/2010,4.54,4.51,4.87,4.935,4.5
27/10/2010,4.54,4.5,4.83,4.89,4.5
28/10/2010,4.52,4.49,4.85,4.915,4.5
29/10/2010,4.57,4.54,4.8775,4.94,4.5
01/11/2010,4.54,4.52,4.85,4.93,4.5
03/11/2010,4.55,4.52,4.855,4.925,4.5
04/11/2010,4.58,4.55,4.825,4.9,4.5
05/11/2010,4.56,4.53,4.8495,4.8995,4.5
08/11/2010,4.55,4.51,4.845,4.905,4.5
09/11/2010,4.55,4.52,4.8895,4.945,4.5
10/11/2010,4.55,4.51,4.8845,4.94,4.5
11/11/2010,4.55,4.52,4.88,4.915,4.5
12/11/2010,4.56,4.52,4.898,4.9544,4.5
16/11/2010,4.55,4.52,4.88,4.91,4.5
17/11/2010,4.57,4.54,4.85,4.9,4.5
18/11/2010,4.57,4.52,4.875,4.955,4.5
19/11/2010,4.56,4.53,4.8625,4.905,4.5
22/11/2010,4.56,4.53,4.88,4.925,4.5
23/11/2010,4.57,4.52,4.865,4.93,4.5
24/11/2010,4.55,4.53,4.845,4.895,4.5
25/11/2010,4.56,4.52,4.835,4.885,4.5
26/11/2010,4.57,4.52,4.8743,4.9295,4.5
29/11/2010,4.57,4.52,4.865,4.895,4.5
30/11/2010,4.61,4.57,4.895,4.945,4.5
01/12/2010,4.59,4.59,4.9,4.955,4.5
02/12/2010,4.63,4.62,4.885,4.9545,4.5
03/12/2010,4.62,4.59,4.885,4.95,4.5
06/12/2010,4.57,4.54,4.8625,4.9,4.5
07/12/2010,4.57,4.54,4.885,4.95,4.5
08/12/2010,4.56,4.54,4.885,4.96,4.5
09/12/2010,4.58,4.54,4.885,4.96,4.5
10/12/2010,4.61,4.58,4.9065,4.97,4.5
13/12/2010,4.59,4.57,4.885,4.96,4.5
14/12/2010,4.63,4.59,4.87,4.935,4.5
15/12/2010,4.65,4.64,4.895,4.96,4.5
16/12/2010,4.66,4.6,4.905,4.965,4.5
17/12/2010,4.63,4.6,4.905,4.955,4.5
20/12/2010,4.66,4.61,4.9,4.955,4.5
21/12/2010,4.65,4.59,4.895,4.9475,4.5
22/12/2010,4.61,4.56,4.875,4.985,4.5
23/12/2010,4.58,4.54,4.89,4.96,4.5
24/12/2010,4.76,4.71,4.88,4.96,4.5
27/12/2010,4.66,4.61,4.88,4.96,4.5
28/12/2010,4.6,4.56,4.87,4.935,4.5
29/12/2010,4.57,4.54,4.885,4.9525,4.5
30/12/2010,4.58,4.55,4.9075,4.9725,4.5
31/12/2010,4.6,4.56,4.875,4.96,4.5
03/01/2011,4.58,4.54,4.875,4.945,4.5
04/01/2011,4.57,4.54,4.86,4.935,4.5
05/01/2011,4.57,4.53,4.845,4.91,4.5
06/01/2011,4.57,4.53,4.845,4.9,4.5
07/01/2011,4.57,4.53,4.8708,4.9335,4.5
10/01/2011,4.59,4.53,4.845,4.9,4.5
11/01/2011,4.58,4.52,4.855,4.91,4.5
12/01/2011,4.57,4.52,4.8658,4.9208,4.5
13/01/2011,4.58,4.53,4.885,4.955,4.5
14/01/2011,4.58,4.52,4.86,4.92,4.5
17/01/2011,4.58,4.52,4.845,4.91,4.5
18/01/2011,4.58,4.53,4.87,4.9365,4.5
19/01/2011,4.57,4.53,4.85,4.905,4.5
20/01/2011,4.57,4.53,4.8615,4.9136,4.5
21/01/2011,4.57,4.53,4.88,4.93,4.5
24/01/2011,4.57,4.53,4.865,4.91,4.5
25/01/2011,4.57,4.53,4.845,4.89,4.5
26/01/2011,4.58,4.53,4.85,4.899,4.5
27/01/2011,4.57,4.52,4.855,4.915,4.5
28/01/2011,4.57,4.52,4.8607,4.9163,4.5
31/01/2011,4.59,4.54,4.85,4.9,4.5
01/02/2011,4.57,4.53,4.85,4.905,4.5
02/02/2011,4.56,4.53,4.825,4.86,4.5
03/02/2011,4.57,4.53,4.835,4.8789,4.5
04/02/2011,4.57,4.53,4.845,4.88,4.5
08/02/2011,4.58,4.53,4.845,4.88,4.5
09/02/2011,4.57,4.52,4.84,4.89,4.5
10/02/2011,4.57,4.52,4.84,4.89,4.5
11/02/2011,4.57,4.52,4.84,4.89,4.5
14/02/2011,4.57,4.52,4.845,4.895,4.5
15/02/2011,4.56,4.51,4.855,4.91,4.5
16/02/2011,4.55,4.51,4.83,4.875,4.5
17/02/2011,4.54,4.49,4.83,4.875,4.5
18/02/2011,4.46,4.41,4.835,4.88,4.5
21/02/2011,4.55,4.51,4.865,4.915,4.5
22/02/2011,4.54,4.51,4.8589,4.9068,4.5
23/02/2011,4.54,4.5,4.85,4.9,4.5
24/02/2011,4.53,4.49,4.83,4.865,4.5
25/02/2011,4.5,4.46,4.82,4.85,4.5
28/02/2011,4.54,4.49,4.8413,4.8586,4.5
01/03/2011,4.51,4.47,4.855,4.88,4.5
02/03/2011,4.52,4.46,4.84,4.88,4.5
03/03/2011,4.51,4.46,4.8536,4.875,4.5
04/03/2011,4.5,4.46,4.84,4.8625,4.5
07/03/2011,4.51,4.46,4.815,4.835,4.5
08/03/2011,4.5,4.47,4.84,4.88,4.5
09/03/2011,4.5,4.46,4.865,4.89,4.5
10/03/2011,4.5,4.46,4.84,4.86,4.5
11/03/2011,4.51,4.47,4.8587,4.8762,4.5
14/03/2011,4.51,4.47,4.825,4.855,4.5
15/03/2011,4.5,4.46,4.865,4.905,4.5
16/03/2011,4.5,4.46,4.835,4.875,4.5
17/03/2011,4.5,4.46,4.84,4.87,4.5
18/03/2011,4.51,4.47,4.815,4.845,4.5
22/03/2011,4.5,4.47,4.8546,4.8765,4.5
23/03/2011,4.5,4.47,4.83,4.8568,4.5
24/03/2011,4.51,4.48,4.865,4.9,4.5
25/03/2011,4.51,4.48,4.825,4.8805,4.5
28/03/2011,4.51,4.48,4.825,4.845,4.5
29/03/2011,4.52,4.48,4.84,4.885,4.5
30/03/2011,4.52,4.49,4.825,4.8645,4.5
31/03/2011,4.52,4.49,4.845,4.88,4.5
01/04/2011,4.52,4.49,4.8331,4.862,4.5
04/04/2011,4.51,4.48,4.87,4.905,4.5
05/04/2011,4.51,4.48,4.85,4.885,4.5
06/04/2011,4.51,4.49,4.845,4.875,4.5
07/04/2011,4.52,4.49,4.8275,4.8616,4.5
08/04/2011,4.52,4.48,4.825,4.87,4.5
11/04/2011,4.52,4.48,4.815,4.845,4.5
12/04/2011,4.52,4.48,4.84,4.865,4.5
13/04/2011,4.52,4.49,4.84,4.875,4.5
14/04/2011,4.52,4.49,4.86,4.88,4.5
15/04/2011,4.52,4.49,4.83,4.8696,4.5
18/04/2011,4.52,4.49,4.8596,4.8946,4.5
19/04/2011,4.52,4.48,4.8508,4.8896,4.5
20/04/2011,4.53,4.49,4.865,4.905,4.5
25/04/2011,4.52,4.49,4.845,4.88,4.5
26/04/2011,4.51,4.48,4.8448,4.885,4.5
27/04/2011,4.51,4.49,4.845,4.89,4.5
28/04/2011,4.51,4.48,4.8699,4.91,4.5
29/04/2011,4.52,4.49,4.8599,4.9,4.5
02/05/2011,4.51,4.48,4.84,4.875,4.5
03/05/2011,4.51,4.48,4.8375,4.865,4.5
04/05/2011,4.51,4.48,4.86,4.88,4.5
05/05/2011,4.51,4.48,4.845,4.865,4.5
06/05/2011,4.5,4.46,4.8365,4.8675,4.5
09/05/2011,4.49,4.46,4.8323,4.85,4.5
10/05/2011,4.49,4.46,4.845,4.875,4.5
11/05/2011,4.5,4.46,4.865,4.8825,4.5
12/05/2011,4.5,4.46,4.85,4.895,4.5
13/05/2011,4.5,4.47,4.8525,4.8925,4.5
16/05/2011,4.5,4.47,4.84,4.885,4.5
17/05/2011,4.5,4.47,4.8599,4.9,4.5
18/05/2011,4.51,4.47,4.8588,4.9,4.5
19/05/2011,4.51,4.47,4.8465,4.885,4.5
20/05/2011,4.51,4.47,4.8481,4.885,4.5
23/05/2011,4.5,4.46,4.83,4.875,4.5
24/05/2011,4.48,4.43,4.835,4.8712,4.5
25/05/2011,4.43,4.37,4.84,4.88,4.5
26/05/2011,4.38,4.33,4.8568,4.9075,4.5
27/05/2011,4.39,4.35,4.8686,4.91,4.5
30/05/2011,4.45,4.41,4.845,4.89,4.5
31/05/2011,4.51,4.47,4.8449,4.89,4.5
01/06/2011,4.46,4.43,4.8725,4.915,4.5
02/06/2011,4.47,4.44,4.8699,4.915,4.5
03/06/2011,4.46,4.43,4.86,4.9075,4.5
06/06/2011,4.47,4.44,4.85,4.88,4.5
07/06/2011,4.48,4.45,4.83,4.89,4.5
08/06/2011,4.49,4.46,4.85,4.915,4.5
09/06/2011,4.5,4.47,4.825,4.875,4.5
10/06/2011,4.51,4.47,4.85,4.905,4.5
13/06/2011,4.51,4.47,4.855,4.895,4.5
14/06/2011,4.51,4.47,4.8689,4.9108,4.5
15/06/2011,4.51,4.48,4.835,4.895,4.5
16/06/2011,4.52,4.48,4.82,4.8919,4.5
17/06/2011,4.54,4.5,4.8435,4.8865,4.5
20/06/2011,4.52,4.48,4.8175,4.89,4.5
21/06/2011,4.52,4.49,4.845,4.89,4.5
22/06/2011,4.52,4.5,4.835,4.875,4.5
23/06/2011,4.51,4.5,4.85,4.88,4.5
24/06/2011,4.52,4.5,4.835,4.8756,4.5
27/06/2011,4.52,4.5,4.845,4.88,4.5
28/06/2011,4.52,4.5,4.8495,4.8775,4.5
29/06/2011,4.52,4.5,4.8475,4.88,4.5
30/06/2011,4.53,4.53,4.845,4.8798,4.5
01/07/2011,4.51,4.5,4.85,4.88,4.5
04/07/2011,4.5,4.48,4.8556,4.8789,4.5
05/07/2011,4.49,4.47,4.845,4.8789,4.5
06/07/2011,4.47,4.44,4.84,4.87,4.5
07/07/2011,4.47,4.45,4.8389,4.8751,4.5
08/07/2011,4.47,4.45,4.85,4.885,4.5
11/07/2011,4.47,4.45,4.839,4.8794,4.5
12/07/2011,4.48,4.46,4.826,4.8666,4.5
13/07/2011,4.48,4.47,4.8185,4.8636,4.5
14/07/2011,4.48,4.47,4.8081,4.855,4.5
15/07/2011,4.49,4.48,4.81,4.855,4.5
18/07/2011,4.49,4.48,4.8031,4.84,4.5
19/07/2011,4.5,4.49,4.795,4.84,4.5
20/07/2011,4.51,4.49,4.8,4.825,4.5
21/07/2011,4.51,4.49,4.809,4.8525,4.5
22/07/2011,4.5,4.48,4.79,4.835,4.5
25/07/2011,4.5,4.48,4.7975,4.83,4.5
26/07/2011,4.49,4.47,4.815,4.86,4.5
27/07/2011,4.48,4.46,4.83,4.87,4.5
28/07/2011,4.48,4.45,4.8125,4.855,4.5
29/07/2011,4.49,4.46,4.815,4.855,4.5
01/08/2011,4.47,4.45,4.805,4.84,4.5
02/08/2011,4.47,4.45,4.8225,4.885,4.5
03/08/2011,4.47,4.45,4.815,4.86,4.5
04/08/2011,4.47,4.45,4.825,4.86,4.5
05/08/2011,4.48,4.45,4.81,4.845,4.5
08/08/2011,4.47,4.45,4.82,4.855,4.5
09/08/2011,4.47,4.45,4.82,4.88,4.5
10/08/2011,4.47,4.45,4.81,4.86,4.5
11/08/2011,4.46,4.44,4.81,4.8575,4.5
12/08/2011,4.47,4.46,4.81,4.85,4.5
15/08/2011,4.48,4.46,4.8,4.845,4.5
16/08/2011,4.47,4.45,4.82,4.865,4.5
17/08/2011,4.47,4.45,4.825,4.875,4.5
18/08/2011,4.46,4.45,4.8217,4.865,4.5
19/08/2011,4.46,4.45,4.7975,4.8375,4.5
22/08/2011,4.46,4.44,4.805,4.84,4.5
23/08/2011,4.46,4.44,4.7987,4.84,4.5
24/08/2011,4.46,4.44,4.805,4.85,4.5
25/08/2011,4.45,4.44,4.8036,4.85,4.5
26/08/2011,4.42,4.4,4.79,4.825,4.5
29/08/2011,4.42,4.4,4.78,4.815,4.5
30/08/2011,4.41,4.39,4.79,4.82,4.5
31/08/2011,4.38,4.37,4.8,4.83,4.5
01/09/2011,4.38,4.36,4.7925,4.825,4.5
02/09/2011,4.37,4.35,4.7855,4.825,4.5
05/09/2011,4.37,4.35,4.77,4.805,4.5
06/09/2011,4.37,4.35,4.775,4.81,4.5
07/09/2011,4.37,4.35,4.7745,4.805,4.5
08/09/2011,4.36,4.35,4.765,4.785,4.5
09/09/2011,4.37,4.34,4.77,4.7925,4.5
12/09/2011,4.33,4.31,4.75,4.77,4.5
13/09/2011,4.35,4.34,4.772,4.7846,4.5
14/09/2011,4.33,4.32,4.75,4.76,4.5
15/09/2011,4.29,4.29,4.76,4.7725,4.5
19/09/2011,4.31,4.29,4.75,4.7612,4.5
20/09/2011,4.33,4.34,4.78,4.805,4.5
21/09/2011,4.42,4.42,4.7825,4.8,4.5
22/09/2011,4.52,4.52,4.78,4.805,4.5
23/09/2011,4.53,4.52,4.805,4.8262,4.5
26/09/2011,4.48,4.46,4.81,4.835,4.5
27/09/2011,4.4,4.38,4.8,4.8175,4.5
28/09/2011,4.37,4.36,4.785,4.805,4.5
29/09/2011,4.37,4.36,4.785,4.8,4.5
30/09/2011,4.42,4.4,4.7875,4.8125,4.5
03/10/2011,4.39,4.38,4.7843,4.81,4.5
04/10/2011,4.42,4.41,4.7905,4.8075,4.5
05/10/2011,4.42,4.4,4.79,4.8085,4.5
06/10/2011,4.4,4.39,4.7862,4.8075,4.5
07/10/2011,4.38,4.37,4.79,4.81,4.5
10/10/2011,4.38,4.36,4.79,4.8075,4.5
11/10/2011,4.38,4.37,4.795,4.81,4.5
12/10/2011,4.37,4.36,4.795,4.8056,4.5
13/10/2011,4.37,4.36,4.795,4.8203,4.5
14/10/2011,4.36,4.36,4.795,4.8125,4.5
17/10/2011,4.35,4.34,4.7975,4.81,4.5
18/10/2011,4.34,4.33,4.7936,4.7995,4.5
19/10/2011,4.33,4.33,4.7975,4.8171,4.5
20/10/2011,4.32,4.32,4.805,4.82,4.5
21/10/2011,4.37,4.37,4.79,4.8025,4.5
24/10/2011,4.39,4.39,4.7906,4.795,4.5
25/10/2011,4.42,4.41,4.7875,4.795,4.5
26/10/2011,4.42,4.41,4.7925,4.805,4.5
27/10/2011,4.38,4.38,4.81,4.7975,4.5
28/10/2011,4.37,4.36,4.8069,4.81,4.5
31/10/2011,4.42,4.43,4.7975,4.81,4.5
01/11/2011,4.4,4.4,4.8018,4.8125,4.5
03/11/2011,4.4,4.4,4.8,4.8168,4.5
04/11/2011,4.4,4.39,4.79,4.795,4.5
07/11/2011,4.4,4.4,4.795,4.805,4.5
08/11/2011,4.39,4.39,4.7975,4.81,4.5
09/11/2011,4.38,4.37,4.7875,4.795,4.5
10/11/2011,4.37,4.38,4.795,4.805,4.5
11/11/2011,4.38,4.38,4.805,4.815,4.5
14/11/2011,4.38,4.37,4.805,4.815,4.5
15/11/2011,4.37,4.37,4.8039,4.8125,4.5
16/11/2011,4.37,4.38,4.7936,4.7975,4.5
17/11/2011,4.42,4.42,4.81,4.8125,4.5
18/11/2011,4.38,4.39,4.8056,4.81,4.5
22/11/2011,4.39,4.4,4.795,4.8075,4.5
23/11/2011,4.4,4.41,4.7941,4.7958,4.5
24/11/2011,4.42,4.42,4.805,4.815,4.5
25/11/2011,4.42,4.43,4.8025,4.8125,4.5
28/11/2011,4.42,4.43,4.81,4.82,4.5
29/11/2011,4.47,4.49,4.805,4.81,4.5
30/11/2011,4.52,4.58,4.795,4.8,4.5
01/12/2011,4.42,4.44,4.7975,4.8025,4.5
02/12/2011,4.42,4.44,4.8,4.8175,4.5
05/12/2011,4.41,4.43,4.795,4.8075,4.5
06/12/2011,4.41,4.43,4.805,4.815,4.5
07/12/2011,4.4,4.41,4.79,4.8,4.5
08/12/2011,4.39,4.42,4.7975,4.8075,4.5
09/12/2011,4.46,4.48,4.805,4.815,4.5
13/12/2011,4.44,4.47,4.81,4.8225,4.5
14/12/2011,4.49,4.5,4.805,4.815,4.5
15/12/2011,4.54,4.55,4.8075,4.8175,4.5
16/12/2011,4.54,4.54,4.8,4.82,4.5
19/12/2011,4.54,4.55,4.787,4.8055,4.5
20/12/2011,4.54,4.55,4.8025,4.81,4.5
21/12/2011,4.54,4.55,4.7983,4.8088,4.5
22/12/2011,4.54,4.54,4.79,4.8,4.5
23/12/2011,4.51,4.53,4.8,4.81,4.5
26/12/2011,4.53,4.53,4.8018,4.8146,4.5
27/12/2011,4.52,4.52,4.7935,4.8003,4.5
28/12/2011,4.52,4.52,4.7862,4.7925,4.5
29/12/2011,4.51,4.51,4.7975,4.8062,4.5
30/12/2011,4.51,4.53,4.79,4.795,4.5
02/01/2012,4.51,4.52,4.8035,4.8153,4.5
03/01/2012,4.51,4.52,4.805,4.815,4.5
04/01/2012,4.5,4.5,4.8,4.8088,4.5
05/01/2012,4.49,4.5,4.79,4.8,4.5
06/01/2012,4.49,4.49,4.7815,4.7868,4.5
09/01/2012,4.48,4.48,4.78,4.785,4.5
10/01/2012,4.48,4.48,4.795,4.805,4.5
11/01/2012,4.47,4.47,4.7875,4.8075,4.5
12/01/2012,4.45,4.45,4.78,4.7925,4.5
13/01/2012,4.45,4.46,4.7837,4.79,4.5
16/01/2012,4.45,4.45,4.79,4.8,4.5
17/01/2012,4.45,4.45,4.79,4.805,4.5
18/01/2012,4.41,4.42,4.78,4.7925,4.5
19/01/2012,4.41,4.41,4.775,4.7875,4.5
20/01/2012,4.41,4.42,4.785,4.8,4.5
23/01/2012,4.48,4.49,4.7725,4.7875,4.5
24/01/2012,4.51,4.53,4.7879,4.7998,4.5
25/01/2012,4.5,4.51,4.7975,4.8075,4.5
26/01/2012,4.49,4.5,4.775,4.7887,4.5
27/01/2012,4.49,4.5,4.78,4.7901,4.5
30/01/2012,4.5,4.51,4.79,4.7925,4.5
31/01/2012,4.51,4.54,4.7925,4.7985,4.5
01/02/2012,4.5,4.51,4.7918,4.7991,4.5
02/02/2012,4.5,4.5,4.785,4.79,4.5
03/02/2012,4.48,4.49,4.7869,4.79,4.5
07/02/2012,4.5,4.5,4.785,4.8,4.5
08/02/2012,4.5,4.5,4.7825,4.8,4.5
09/02/2012,4.5,4.5,4.785,4.8,4.5
10/02/2012,4.5,4.5,4.785,4.8,4.5
13/02/2012,4.5,4.5,4.79,4.805,4.5
14/02/2012,4.5,4.5,4.785,4.795,4.5
15/02/2012,4.49,4.49,4.785,4.8,4.5
16/02/2012,4.49,4.49,4.78,4.795,4.5
17/02/2012,4.48,4.49,4.785,4.795,4.5
20/02/2012,4.49,4.49,4.7825,4.8,4.5
21/02/2012,4.5,4.5,4.7801,4.8075,4.5
22/02/2012,4.49,4.49,4.7825,4.8,4.5
23/02/2012,4.49,4.5,4.78,4.79,4.5
24/02/2012,4.49,4.5,4.785,4.7955,4.5
27/02/2012,4.49,4.49,4.785,4.8,4.5
28/02/2012,4.49,4.49,4.7833,4.8035,4.5
29/02/2012,4.49,4.51,4.78,4.79,4.5
01/03/2012,4.49,4.49,4.785,4.8,4.5
02/03/2012,4.49,4.5,4.785,4.8,4.5
05/03/2012,4.5,4.5,4.7738,4.79,4.5
06/03/2012,4.5,4.5,4.775,4.79,4.5
07/03/2012,4.5,4.51,4.78,4.8,4.5
08/03/2012,4.49,4.5,4.7738,4.7988,4.5
09/03/2012,4.5,4.5,4.759,4.7875,4.5
12/03/2012,4.5,4.5,4.764,4.7838,4.5
13/03/2012,4.49,4.5,4.7587,4.785,4.5
14/03/2012,4.5,4.5,4.765,4.7818,4.5
15/03/2012,4.49,4.49,4.765,4.7818,4.5
16/03/2012,4.5,4.5,4.765,4.79,4.5
20/03/2012,4.49,4.5,4.765,4.785,4.5
21/03/2012,4.5,4.5,4.77,4.79,4.5
22/03/2012,4.49,4.5,4.7688,4.784,4.5
23/03/2012,4.49,4.49,4.7683,4.7825,4.5
26/03/2012,4.49,4.49,4.7683,4.7788,4.5
27/03/2012,4.49,4.49,4.7666,4.7793,4.5
28/03/2012,4.49,4.49,4.764,4.7795,4.5
29/03/2012,4.49,4.49,4.764,4.7845,4.5
30/03/2012,4.5,4.52,4.77,4.7875,4.5
02/04/2012,4.49,4.5,4.77,4.785,4.5
03/04/2012,4.5,4.51,4.76,4.775,4.5
04/04/2012,4.5,4.51,4.76,4.7724,4.5
09/04/2012,4.49,4.49,4.76,4.7689,4.5
10/04/2012,4.49,4.49,4.7575,4.7625,4.5
11/04/2012,4.49,4.49,4.7595,4.7639,4.5
12/04/2012,4.5,4.49,4.75,4.77,4.5
13/04/2012,4.49,4.49,4.75,4.765,4.5
16/04/2012,4.49,4.49,4.7557,4.7627,4.5
17/04/2012,4.48,4.47,4.7525,4.7562,4.5
18/04/2012,4.39,4.38,4.7475,4.7612,4.5
19/04/2012,4.33,4.34,4.725,4.745,4.5
20/04/2012,4.47,4.48,4.7175,4.7425,4.5
23/04/2012,4.5,4.5,4.725,4.745,4.5
24/04/2012,4.5,4.5,4.72,4.725,4.5
25/04/2012,4.5,4.51,4.725,4.7368,4.5
26/04/2012,4.5,4.5,4.725,4.745,4.5
27/04/2012,4.5,4.5,4.725,4.7435,4.5
30/04/2012,4.51,4.52,4.7475,4.7528,4.5
02/05/2012,4.5,4.5,4.755,4.775,4.5
03/05/2012,4.49,4.5,4.7525,4.77,4.5
04/05/2012,4.5,4.51,4.7525,4.765,4.5
07/05/2012,4.5,4.51,4.745,4.77,4.5
08/05/2012,4.5,4.51,4.76,4.7808,4.5
09/05/2012,4.51,4.52,4.7575,4.7775,4.5
10/05/2012,4.5,4.51,4.77,4.795,4.5
11/05/2012,4.5,4.52,4.77,4.7875,4.5
14/05/2012,4.5,4.51,4.7691,4.7985,4.5
15/05/2012,4.51,4.51,4.75,4.7742,4.5
16/05/2012,4.5,4.5,4.75,4.775,4.5
17/05/2012,4.48,4.49,4.76,4.785,4.5
18/05/2012,4.48,4.48,4.755,4.7775,4.5
21/05/2012,4.5,4.5,4.765,4.782,4.5
22/05/2012,4.5,4.5,4.7575,4.775,4.5
23/05/2012,4.5,4.51,4.7675,4.7875,4.5
24/05/2012,4.5,4.51,4.7687,4.7837,4.5
25/05/2012,4.5,4.51,4.7818,4.7868,4.5
28/05/2012,4.5,4.51,4.7575,4.7825,4.5
29/05/2012,4.5,4.51,4.755,4.77,4.5
30/05/2012,4.5,4.51,4.765,4.79,4.5
31/05/2012,4.49,4.5,4.76,4.785,4.5
01/06/2012,4.51,4.51,4.75,4.7725,4.5
04/06/2012,4.5,4.51,4.765,4.79,4.5
05/06/2012,4.5,4.5,4.7625,4.785,4.5
06/06/2012,4.5,4.5,4.7662,4.7875,4.5
07/06/2012,4.49,4.5,4.768,4.7887,4.5
08/06/2012,4.5,4.5,4.764,4.785,4.5
11/06/2012,4.5,4.5,4.75,4.7825,4.5
12/06/2012,4.5,4.5,4.755,4.7825,4.5
13/06/2012,4.49,4.5,4.765,4.785,4.5
14/06/2012,4.49,4.5,4.7656,4.7855,4.5
15/06/2012,4.49,4.5,4.765,4.785,4.5
18/06/2012,4.47,4.48,4.76,4.78,4.5
19/06/2012,4.48,4.49,4.7645,4.775,4.5
20/06/2012,4.49,4.5,4.7675,4.7825,4.5
21/06/2012,4.48,4.48,4.7571,4.7797,4.5
22/06/2012,4.47,4.48,4.76,4.785,4.5
25/06/2012,4.48,4.48,4.7695,4.785,4.5
26/06/2012,4.48,4.48,4.773,4.788,4.5
27/06/2012,4.48,4.48,4.7725,4.785,4.5
28/06/2012,4.47,4.48,4.7636,4.795,4.5
29/06/2012,4.47,4.48,4.7651,4.7975,4.5
02/07/2012,4.48,4.48,4.77,4.7992,4.5
03/07/2012,4.47,4.48,4.7651,4.79,4.5
04/07/2012,4.47,4.48,4.7625,4.7875,4.5
05/07/2012,4.47,4.48,4.7585,4.785,4.5
06/07/2012,4.48,4.48,4.765,4.79,4.5
09/07/2012,4.48,4.48,4.7635,4.785,4.5
10/07/2012,4.47,4.48,4.7935,4.7917,4.5
11/07/2012,4.47,4.48,4.7825,4.785,4.5
12/07/2012,4.46,4.46,4.78,4.79,4.5
13/07/2012,4.46,4.47,4.785,4.795,4.5
16/07/2012,4.46,4.47,4.7875,4.7975,4.5
17/07/2012,4.46,4.46,4.7837,4.7937,4.5
18/07/2012,4.46,4.46,4.7812,4.7912,4.5
19/07/2012,4.46,4.47,4.7775,4.79,4.5
20/07/2012,4.46,4.47,4.7806,4.7936,4.5
23/07/2012,4.46,4.48,4.785,4.785,4.5
24/07/2012,4.49,4.5,4.7875,4.795,4.5
25/07/2012,4.48,4.49,4.785,4.795,4.5
26/07/2012,4.48,4.49,4.7825,4.7925,4.5
27/07/2012,4.48,4.49,4.7812,4.7962,4.5
30/07/2012,4.49,4.49,4.7775,4.7925,4.5
31/07/2012,4.49,4.5,4.7788,4.7934,4.5
01/08/2012,4.48,4.49,4.7804,4.7975,4.5
02/08/2012,4.48,4.49,4.785,4.7937,4.5
03/08/2012,4.48,4.49,4.7897,4.7975,4.5
06/08/2012,4.48,4.49,4.785,4.795,4.5
07/08/2012,4.48,4.49,4.7825,4.7975,4.5
08/08/2012,4.48,4.49,4.78,4.795,4.5
09/08/2012,4.48,4.49,4.7875,4.805,4.5
10/08/2012,4.48,4.49,4.7916,4.8025,4.5
13/08/2012,4.48,4.49,4.78,4.8025,4.5
14/08/2012,4.48,4.49,4.7866,4.8037,4.5
15/08/2012,4.47,4.49,4.7844,4.7975,4.5
16/08/2012,4.48,4.49,4.7875,4.7987,4.5
17/08/2012,4.48,4.49,4.785,4.8,4.5
20/08/2012,4.48,4.48,4.79,4.7975,4.5
21/08/2012,4.47,4.49,4.79,4.7987,4.5
22/08/2012,4.48,4.49,4.7901,4.7986,4.5
23/08/2012,4.5,4.5,4.79,4.799,4.5
24/08/2012,4.5,4.5,4.795,4.8095,4.5
27/08/2012,4.49,4.5,4.795,4.815,4.5
28/08/2012,4.5,4.5,4.8,4.815,4.5
29/08/2012,4.5,4.5,4.79,4.805,4.5
30/08/2012,4.5,4.51,4.79,4.8075,4.5
31/08/2012,4.5,4.52,4.7925,4.809,4.5
03/09/2012,4.5,4.5,4.7912,4.81,4.5
04/09/2012,4.49,4.5,4.7875,4.81,4.5
05/09/2012,4.49,4.5,4.7937,4.81,4.5
06/09/2012,4.49,4.5,4.7925,4.8125,4.5
07/09/2012,4.49,4.5,4.8,4.815,4.5
10/09/2012,4.49,4.5,4.8025,4.815,4.5
11/09/2012,4.49,4.5,4.8,4.81,4.5
12/09/2012,4.49,4.5,4.804,4.815,4.5
13/09/2012,4.49,4.5,4.805,4.825,4.5
14/09/2012,4.49,4.5,4.797,4.8125,4.5
17/09/2012,4.49,4.5,4.8,4.8176,4.5
18/09/2012,4.49,4.5,4.804,4.82,4.5
19/09/2012,4.5,4.5,4.8075,4.82,4.5
20/09/2012,4.5,4.5,4.8087,4.8206,4.5
21/09/2012,4.49,4.5,4.8025,4.8225,4.5
24/09/2012,4.49,4.5,4.81,4.8225,4.5
25/09/2012,4.49,4.5,4.815,4.8237,4.5
26/09/2012,4.5,4.5,4.81,4.8225,4.5
27/09/2012,4.5,4.5,4.81,4.8225,4.5
28/09/2012,4.51,4.52,4.805,4.82,4.5
01/10/2012,4.5,4.5,4.8075,4.82,4.5
02/10/2012,4.5,4.51,4.81,4.82,4.5
03/10/2012,4.5,4.5,4.81,4.8243,4.5
04/10/2012,4.5,4.5,4.81,4.8293,4.5
05/10/2012,4.5,4.5,4.81,4.83,4.5
08/10/2012,4.5,4.51,4.81,4.8325,4.5
09/10/2012,4.5,4.5,4.81,4.8325,4.5
10/10/2012,4.5,4.5,4.8125,4.8312,4.5
11/10/2012,4.5,4.5,4.8112,4.8262,4.5
12/10/2012,4.5,4.5,4.8112,4.825,4.5
15/10/2012,4.5,4.5,4.8125,4.83,4.5
16/10/2012,4.5,4.5,4.8162,4.84,4.5
17/10/2012,4.5,4.5,4.82,4.835,4.5
18/10/2012,4.5,4.5,4.8189,4.835,4.5
19/10/2012,4.5,4.5,4.82,4.84,4.5
22/10/2012,4.5,4.5,4.82,4.84,4.5
23/10/2012,4.5,4.51,4.8237,4.8425,4.5
24/10/2012,4.5,4.5,4.8225,4.845,4.5
25/10/2012,4.5,4.51,4.8262,4.8475,4.5
26/10/2012,4.5,4.51,4.8225,4.845,4.5
29/10/2012,4.5,4.51,4.8275,4.8495,4.5
30/10/2012,4.5,4.51,4.828,4.85,4.5
31/10/2012,4.5,4.53,4.83,4.87,4.5
01/11/2012,4.52,4.52,4.831,4.8605,4.5
05/11/2012,4.5,4.51,4.835,4.86,4.5
06/11/2012,4.5,4.51,4.8525,4.865,4.5
07/11/2012,4.5,4.5,4.8437,4.8625,4.5
08/11/2012,4.5,4.5,4.839,4.8602,4.5
09/11/2012,4.5,4.5,4.84,4.86,4.5
12/11/2012,4.5,4.5,4.846,4.865,4.5
13/11/2012,4.5,4.5,4.842,4.861,4.5
14/11/2012,4.5,4.5,4.84,4.865,4.5
15/11/2012,4.5,4.5,4.845,4.87,4.5
16/11/2012,4.51,4.52,4.84,4.8572,4.5
20/11/2012,4.5,4.5,4.836,4.8575,4.5
21/11/2012,4.49,4.5,4.8375,4.8532,4.5
22/11/2012,4.5,4.51,4.84,4.8645,4.5
23/11/2012,4.5,4.51,4.8562,4.8695,4.5
26/11/2012,4.5,4.51,4.85,4.865,4.5
27/11/2012,4.5,4.51,4.8425,4.859,4.5
28/11/2012,4.5,4.51,4.8462,4.865,4.5
29/11/2012,4.5,4.51,4.846,4.865,4.5
30/11/2012,4.5,4.52,4.8475,4.86,4.5
03/12/2012,4.5,4.5,4.8462,4.865,4.5
04/12/2012,4.5,4.5,4.8431,4.865,4.5
05/12/2012,4.49,4.5,4.835,4.865,4.5
06/12/2012,4.5,4.5,4.8395,4.8575,4.5
07/12/2012,4.5,4.5,4.84,4.8537,4.5
10/12/2012,4.5,4.5,4.84,4.8575,4.5
11/12/2012,4.5,4.5,4.84,4.8623,4.5
13/12/2012,4.5,4.5,4.84,4.86,4.5
14/12/2012,4.51,4.51,4.84,4.865,4.5
17/12/2012,4.51,4.51,4.84,4.86,4.5
18/12/2012,4.53,4.53,4.84,4.86,4.5
19/12/2012,4.54,4.53,4.84,4.86,4.5
20/12/2012,4.52,4.51,4.84,4.865,4.5
21/12/2012,4.52,4.51,4.84,4.862,4.5
24/12/2012,4.52,4.51,4.8447,4.866,4.5
26/12/2012,4.52,4.51,4.855,4.87,4.5
27/12/2012,4.51,4.51,4.8475,4.865,4.5
28/12/2012,4.51,4.51,4.8437,4.8625,4.5
31/12/2012,4.54,4.53,4.845,4.87,4.5
02/01/2013,4.51,4.51,4.8475,4.87,4.5
03/01/2013,4.51,4.5,4.8437,4.8685,4.5
04/01/2013,4.51,4.49,4.845,4.8675,4.5
07/01/2013,4.5,4.49,4.8475,4.8675,4.5
08/01/2013,4.48,4.48,4.8437,4.8637,4.5
09/01/2013,4.48,4.47,4.8475,4.8625,4.5
10/01/2013,4.47,4.46,4.8425,4.8675,4.5
11/01/2013,4.5,4.5,4.8468,4.8687,4.5
14/01/2013,4.51,4.5,4.8435,4.865,4.5
15/01/2013,4.51,4.5,4.8443,4.86,4.5
16/01/2013,4.51,4.5,4.8425,4.8575,4.5
17/01/2013,4.51,4.5,4.8447,4.8562,4.5
18/01/2013,4.51,4.51,4.8475,4.8505,4.5
21/01/2013,4.51,4.5,4.8337,4.845,4.5
22/01/2013,4.51,4.5,4.8325,4.8425,4.5
23/01/2013,4.51,4.5,4.8387,4.8487,4.5
24/01/2013,4.51,4.5,4.84,4.8325,4.5
25/01/2013,4.51,4.5,4.835,4.845,4.5
28/01/2013,4.5,4.49,4.83,4.84,4.5
29/01/2013,4.49,4.48,4.835,4.85,4.5
30/01/2013,4.48,4.47,4.8375,4.83,4.5
31/01/2013,4.5,4.49,4.84,4.84,4.5
01/02/2013,4.5,4.5,4.84,4.83,4.5
05/02/2013,4.5,4.5,4.835,4.8295,4.5
06/02/2013,4.51,4.5,4.8325,4.83,4.5
07/02/2013,4.51,4.5,4.8362,4.8337,4.5
08/02/2013,4.5,4.5,4.825,4.8285,4.5
11/02/2013,4.5,4.49,4.825,4.82,4.5
12/02/2013,4.5,4.49,4.8235,4.826,4.5
13/02/2013,4.5,4.49,4.8185,4.8225,4.5
14/02/2013,4.49,4.49,4.8255,4.8262,4.5
15/02/2013,4.5,4.49,4.83,4.83,4.5
18/02/2013,4.49,4.49,4.8325,4.835,4.5
19/02/2013,4.49,4.49,4.8262,4.8275,4.5
20/02/2013,4.49,4.49,4.8235,4.8237,4.5
21/02/2013,4.5,4.49,4.8175,4.8175,4.5
22/02/2013,4.5,4.5,4.8135,4.815,4.5
25/02/2013,4.5,4.5,4.8175,4.82,4.5
26/02/2013,4.51,4.5,4.8132,4.814,4.5
27/02/2013,4.51,4.51,4.805,4.805,4.5
28/02/2013,4.52,4.52,4.799,4.7999,4.5
01/03/2013,4.51,4.51,4.795,4.795,4.5
04/03/2013,4.51,4.51,4.7925,4.7925,4.5
05/03/2013,4.5,4.51,4.7837,4.7787,4.5
06/03/2013,4.51,4.51,4.776,4.78,4.5
07/03/2013,4.51,4.5,4.7685,4.7606,4.5
08/03/2013,4.01,4.01,4.755,4.7515,4
11/03/2013,4.01,4.01,4.345,4.36,4
12/03/2013,4.01,4.01,4.3375,4.35,4
13/03/2013,4,4,4.34,4.3525,4
14/03/2013,4,4,4.3223,4.3329,4
15/03/2013,4.03,4.04,4.321,4.3263,4
19/03/2013,4.01,4.01,4.324,4.33,4
20/03/2013,4.01,4.01,4.3181,4.3216,4
21/03/2013,4.01,4.01,4.331,4.338,4
22/03/2013,4.01,4.01,4.336,4.3405,4
25/03/2013,4.02,4.02,4.343,4.3455,4
26/03/2013,4.04,4.05,4.3465,4.349,4
27/03/2013,4.08,4.07,4.3475,4.3425,4
01/04/2013,4.02,4.01,4.3512,4.3487,4
02/04/2013,4.02,4.01,4.354,4.3557,4
03/04/2013,4.03,4.04,4.3425,4.35,4
04/04/2013,4.03,4.04,4.3462,4.355,4
05/04/2013,4.02,4.02,4.3375,4.3475,4
08/04/2013,4.03,4.03,4.3335,4.3405,4
09/04/2013,4.03,4.03,4.3425,4.3455,4
10/04/2013,4.02,4.02,4.3362,4.3412,4
11/04/2013,4.02,4.02,4.3281,4.3356,4
12/04/2013,4.02,4.01,4.3314,4.3409,4
15/04/2013,4.02,4.02,4.3348,4.345,4
16/04/2013,4.03,4.02,4.3375,4.3475,4
17/04/2013,4.02,4.01,4.3351,4.35,4
18/04/2013,4.01,4.01,4.3275,4.345,4
19/04/2013,4.02,4.02,4.3312,4.3485,4
22/04/2013,4.02,4.02,4.325,4.3375,4
23/04/2013,4.02,4.01,4.3258,4.3387,4
24/04/2013,4.02,4.01,4.3303,4.3486,4
25/04/2013,4.01,4.02,4.3251,4.3368,4
26/04/2013,4.01,4.02,4.325,4.3275,4
29/04/2013,4.01,4.02,4.3325,4.3345,4
30/04/2013,4.02,4.06,4.3275,4.34,4
02/05/2013,4.02,4.03,4.3237,4.33,4
03/05/2013,4.01,4.02,4.3293,4.3359,4
06/05/2013,4.02,4.02,4.325,4.3325,4
07/05/2013,4.02,4.02,4.3321,4.3389,4
08/05/2013,4.01,4.02,4.331,4.3387,4
09/05/2013,4.01,4.02,4.325,4.3325,4
10/05/2013,4,4.02,4.3156,4.3243,4
13/05/2013,4.01,4.02,4.315,4.33,4
14/05/2013,4.02,4.02,4.3175,4.335,4
15/05/2013,4.02,4.03,4.315,4.3236,4
16/05/2013,4.03,4.03,4.3115,4.322,4
17/05/2013,4.02,4.03,4.3139,4.3201,4
20/05/2013,4.01,4.02,4.317,4.32,4
21/05/2013,4.03,4.03,4.3175,4.32,4
22/05/2013,4.02,4.02,4.315,4.3185,4
23/05/2013,4,4.01,4.3065,4.3055,4
24/05/2013,4.01,4.01,4.311,4.3,4
27/05/2013,4.01,4.01,4.3139,4.31,4
28/05/2013,4.01,4.02,4.3075,4.308,4
29/05/2013,4.01,4.03,4.3075,4.31,4
30/05/2013,4.02,4.02,4.3075,4.31,4
31/05/2013,4.04,4.07,4.304,4.3075,4
03/06/2013,4.02,4.03,4.3098,4.3096,4
04/06/2013,4.02,4.02,4.305,4.31,4
05/06/2013,4.02,4.02,4.302,4.3045,4
06/06/2013,4.01,4.03,4.3,4.3025,4
07/06/2013,4.01,4.03,4.2975,4.3029,4
10/06/2013,4.02,4.03,4.3,4.292,4
11/06/2013,4.02,4.02,4.2986,4.3,4
12/06/2013,4.02,4.02,4.2855,4.3013,4
13/06/2013,4.02,4.02,4.2942,4.3134,4
14/06/2013,4.02,4.03,4.2971,4.3117,4
17/06/2013,4.02,4.02,4.301,4.325,4
18/06/2013,4.02,4.02,4.3015,4.3163,4
19/06/2013,4.01,4.02,4.3025,4.3111,4
20/06/2013,4.02,4.02,4.3025,4.3233,4
21/06/2013,4.02,4.01,4.3108,4.327,4
24/06/2013,4.01,4.01,4.3166,4.33,4
25/06/2013,4,4,4.3148,4.33,4
26/06/2013,3.99,3.99,4.3074,4.325,4
27/06/2013,4,4,4.3115,4.3275,4
28/06/2013,4.02,4.05,4.3144,4.326,4
01/07/2013,4.01,4.01,4.3137,4.328,4
02/07/2013,4.01,4.01,4.327,4.325,4
03/07/2013,4.01,4.01,4.321,4.3275,4
04/07/2013,4.01,4.01,4.3205,4.3287,4
05/07/2013,4.01,4.02,4.3145,4.3234,4
08/07/2013,4.01,4.01,4.3125,4.3211,4
09/07/2013,4.01,4.01,4.3152,4.32,4
10/07/2013,4.01,4.01,4.3166,4.325,4
11/07/2013,4.01,4.01,4.316,4.325,4
12/07/2013,4.01,4.01,4.3193,4.3243,4
15/07/2013,4.01,4.01,4.32,4.33,4
16/07/2013,4.01,4.01,4.32,4.33,4
17/07/2013,4.01,4.01,4.3165,4.324,4
18/07/2013,4.01,4.01,4.3182,4.322,4
19/07/2013,4.01,4.01,4.3175,4.32,4
22/07/2013,4.01,4.01,4.32,4.32,4
23/07/2013,4.01,4.01,4.32,4.3196,4
24/07/2013,4.01,4,4.315,4.315,4
25/07/2013,4.01,4,4.3175,4.3187,4
26/07/2013,4,4,4.32,4.3177,4
29/07/2013,4,4,4.32,4.3188,4
30/07/2013,4,4,4.32,4.3194,4
31/07/2013,4.01,4.02,4.32,4.3183,4
01/08/2013,4,4.01,4.32,4.3173,4
02/08/2013,4.01,4.01,4.324,4.3232,4
05/08/2013,4.01,4.01,4.322,4.3216,4
06/08/2013,4.01,4.01,4.316,4.3208,4
07/08/2013,4.01,4.01,4.3075,4.3174,4
08/08/2013,4.01,4.01,4.3075,4.3065,4
09/08/2013,4.01,4.01,4.3087,4.3115,4
12/08/2013,4,4.01,4.305,4.3075,4
13/08/2013,3.99,4,4.3025,4.3069,4
14/08/2013,3.99,4,4.3062,4.313,4
15/08/2013,3.99,4,4.2975,4.3065,4
16/08/2013,3.99,4,4.2975,4.3028,4
19/08/2013,4,4.01,4.3015,4.3012,4
20/08/2013,4,4.01,4.3007,4.308,4
21/08/2013,4,4.01,4.3,4.304,4
22/08/2013,4,4.01,4.3043,4.3044,4
23/08/2013,4,4.01,4.3,4.3062,4
26/08/2013,4,4.01,4.3,4.3025,4
27/08/2013,4,4.01,4.3,4.303,4
28/08/2013,4,4.01,4.3046,4.3049,4
29/08/2013,4,4.01,4.306,4.3085,4
30/08/2013,4.01,4.02,4.3038,4.3091,4
02/09/2013,4,4.01,4.3044,4.3074,4
03/09/2013,4.01,4.02,4.3025,4.3071,4
04/09/2013,4.01,4.01,4.305,4.3095,4
05/09/2013,4.01,4.01,4.3075,4.3097,4
06/09/2013,3.76,3.76,4.3075,4.3098,3.75
09/09/2013,3.76,3.76,4.057,4.0645,3.75
10/09/2013,3.76,3.77,4.048,4.0561,3.75
11/09/2013,3.76,3.77,4.029,4.0326,3.75
12/09/2013,3.76,3.77,4.0361,4.0356,3.75
13/09/2013,3.75,3.77,4.037,4.03,3.75
17/09/2013,3.76,3.77,4.0356,4.0304,3.75
18/09/2013,3.75,3.77,4.04,4.0395,3.75
19/09/2013,3.75,3.77,4.0425,4.0377,3.75
20/09/2013,3.76,3.76,4.0437,4.0358,3.75
23/09/2013,3.75,3.76,4.0365,4.04,3.75
24/09/2013,3.75,3.77,4.03,4.0348,3.75
25/09/2013,3.76,3.77,4.039,4.038,3.75
26/09/2013,3.76,3.77,4.0286,4.0293,3.75
27/09/2013,3.76,3.77,4.0355,4.0301,3.75
30/09/2013,3.77,3.82,4.0327,4.0286,3.75
01/10/2013,3.76,3.78,4.0265,4.025,3.75
02/10/2013,3.76,3.79,4.031,4.0275,3.75
03/10/2013,3.76,3.78,4.0255,4.02,3.75
04/10/2013,3.75,3.78,4.0341,4.0286,3.75
07/10/2013,3.75,3.77,4.0325,4.0243,3.75
08/10/2013,3.75,3.77,4.027,4.0216,3.75
09/10/2013,3.75,3.77,4.0235,4.0175,3.75
10/10/2013,3.75,3.77,4.03,4.0215,3.75
11/10/2013,3.75,3.77,4.02,4.0107,3.75
14/10/2013,3.75,3.77,4.0185,4.0125,3.75
15/10/2013,3.75,3.77,4.0167,4.0135,3.75
16/10/2013,3.75,3.78,4.0133,4.016,3.75
17/10/2013,3.75,3.77,4.01,4.0105,3.75
18/10/2013,3.75,3.78,4.01,4.013,3.75
21/10/2013,3.75,3.77,4.012,4.0025,3.75
22/10/2013,3.75,3.78,4.0081,4.006,3.75
23/10/2013,3.75,3.8,4.0015,4.001,3.75
24/10/2013,3.77,3.81,4.0035,3.9925,3.75
25/10/2013,3.51,3.53,3.9767,3.97,3.5
28/10/2013,3.51,3.53,3.7972,3.8012,3.5
29/10/2013,3.51,3.54,3.79,3.7925,3.5
30/10/2013,3.52,3.53,3.782,3.781,3.5
31/10/2013,3.55,3.59,3.7781,3.7775,3.5
01/11/2013,3.52,3.54,3.7853,3.7806,3.5
04/11/2013,3.52,3.54,3.7812,3.7806,3.5
05/11/2013,3.52,3.55,3.7895,3.7722,3.5
06/11/2013,3.53,3.56,3.785,3.78,3.5
07/11/2013,3.53,3.57,3.782,3.775,3.5
08/11/2013,3.54,3.58,3.7775,3.78,3.5
11/11/2013,3.54,3.59,3.7765,3.7825,3.5
12/11/2013,3.55,3.59,3.7885,3.7836,3.5
13/11/2013,3.55,3.61,3.7826,3.785,3.5
14/11/2013,3.55,3.6,3.7813,3.7825,3.5
15/11/2013,3.57,3.63,3.7775,3.78,3.5
19/11/2013,3.55,3.59,3.7975,3.7905,3.5
20/11/2013,3.55,3.6,3.7937,3.7915,3.5
21/11/2013,3.54,3.55,3.792,3.7925,3.5
22/11/2013,3.51,3.53,3.7911,3.7925,3.5
25/11/2013,3.5,3.53,3.8065,3.803,3.5
26/11/2013,3.5,3.53,3.7982,3.8,3.5
27/11/2013,3.51,3.53,3.8018,3.794,3.5
28/11/2013,3.51,3.54,3.8009,3.797,3.5
29/11/2013,3.55,3.62,3.802,3.7985,3.5
02/12/2013,3.52,3.55,3.796,3.795,3.5
03/12/2013,3.53,3.58,3.79,3.7905,3.5
04/12/2013,3.55,3.62,3.7862,3.786,3.5
05/12/2013,3.57,3.64,3.7877,3.79,3.5
06/12/2013,3.53,3.58,3.7888,3.7815,3.5
09/12/2013,3.54,3.56,3.7919,3.7878,3.5
10/12/2013,3.55,3.6,3.7859,3.785,3.5
11/12/2013,3.58,3.67,3.7825,3.7835,3.5
13/12/2013,3.59,3.69,3.79,3.7842,3.5
16/12/2013,3.59,3.68,3.7915,3.7871,3.5
17/12/2013,3.58,3.65,3.7932,3.791,3.5
18/12/2013,3.52,3.56,3.7916,3.7905,3.5
19/12/2013,3.53,3.55,3.7954,3.7951,3.5
20/12/2013,3.52,3.55,3.7875,3.7925,3.5
23/12/2013,3.55,3.61,3.7855,3.7865,3.5
24/12/2013,3.6,3.69,3.7902,3.7912,3.5
26/12/2013,3.58,3.66,3.7941,3.7872,3.5
27/12/2013,3.61,3.66,3.7925,3.7887,3.5
30/12/2013,3.6,3.66,3.7962,3.794,3.5
31/12/2013,3.64,3.68,3.79,3.7975,3.5
02/01/2014,3.55,3.59,3.795,3.8045,3.5
03/01/2014,3.54,3.55,3.795,3.8059,3.5
06/01/2014,3.5,3.52,3.7925,3.8,3.5
07/01/2014,3.49,3.5,3.7962,3.813,3.5
08/01/2014,3.46,3.48,3.7994,3.819,3.5
09/01/2014,3.46,3.47,3.8005,3.8163,3.5
10/01/2014,3.46,3.47,3.7927,3.8031,3.5
13/01/2014,3.46,3.47,3.7945,3.8165,3.5
14/01/2014,3.46,3.47,3.7972,3.814,3.5
15/01/2014,3.46,3.47,3.7933,3.8081,3.5
16/01/2014,3.46,3.48,3.7843,3.7943,3.5
17/01/2014,3.48,3.5,3.7825,3.8005,3.5
20/01/2014,3.47,3.49,3.7665,3.7918,3.5
21/01/2014,3.47,3.5,3.7615,3.7769,3.5
22/01/2014,3.49,3.53,3.767,3.7825,3.5
23/01/2014,3.51,3.53,3.7771,3.7862,3.5
24/01/2014,3.52,3.55,3.7645,3.7825,3.5
27/01/2014,3.52,3.54,3.765,3.7855,3.5
28/01/2014,3.5,3.52,3.765,3.7805,3.5
29/01/2014,3.48,3.5,3.765,3.7789,3.5
30/01/2014,3.48,3.51,3.7726,3.7756,3.5
31/01/2014,3.5,3.53,3.7761,3.7818,3.5
04/02/2014,3.49,3.51,3.7705,3.7885,3.5
05/02/2014,3.49,3.51,3.7755,3.7892,3.5
06/02/2014,3.48,3.51,3.7643,3.7763,3.5
07/02/2014,3.48,3.5,3.7671,3.7896,3.5
10/02/2014,3.48,3.51,3.7815,3.791,3.5
11/02/2014,3.48,3.51,3.784,3.797,3.5
12/02/2014,3.48,3.51,3.7778,3.7901,3.5
13/02/2014,3.49,3.51,3.789,3.795,3.5
14/02/2014,3.48,3.51,3.7915,3.804,3.5
17/02/2014,3.48,3.51,3.7872,3.804,3.5
18/02/2014,3.48,3.51,3.795,3.81,3.5
19/02/2014,3.48,3.51,3.8025,3.815,3.5
20/02/2014,3.49,3.52,3.793,3.805,3.5
21/02/2014,3.49,3.52,3.7935,3.8,3.5
24/02/2014,3.49,3.52,3.7975,3.8075,3.5
25/02/2014,3.49,3.52,3.7937,3.8062,3.5
26/02/2014,3.5,3.53,3.8025,3.8125,3.5
27/02/2014,3.5,3.53,3.7962,3.8062,3.5
28/02/2014,3.52,3.6,3.7917,3.8035,3.5
03/03/2014,3.5,3.53,3.7919,3.8002,3.5
04/03/2014,3.48,3.51,3.7956,3.8025,3.5
05/03/2014,3.49,3.51,3.7987,3.8087,3.5
06/03/2014,3.49,3.52,3.8,3.807,3.5
07/03/2014,3.49,3.51,3.8012,3.8087,3.5
10/03/2014,3.49,3.51,3.8006,3.8068,3.5
11/03/2014,3.49,3.51,3.8025,3.81,3.5
12/03/2014,3.49,3.52,3.7937,3.8012,3.5
13/03/2014,3.49,3.51,3.7918,3.8006,3.5
14/03/2014,3.51,3.54,3.8,3.81,3.5
18/03/2014,3.48,3.51,3.8075,3.8175,3.5
19/03/2014,3.48,3.52,3.795,3.8025,3.5
20/03/2014,3.49,3.52,3.8,3.81,3.5
21/03/2014,3.49,3.52,3.8012,3.8112,3.5
24/03/2014,3.49,3.52,3.8062,3.811,3.5
25/03/2014,3.48,3.51,3.805,3.81,3.5
26/03/2014,3.48,3.51,3.8125,3.8175,3.5
27/03/2014,3.48,3.51,3.8067,3.8163,3.5
28/03/2014,3.49,3.52,3.8033,3.8031,3.5
31/03/2014,3.51,3.56,3.8125,3.808,3.5
01/04/2014,3.49,3.51,3.815,3.81,3.5
02/04/2014,3.49,3.53,3.8125,3.8175,3.5
03/04/2014,3.51,3.55,3.8157,3.8077,3.5
04/04/2014,3.52,3.55,3.8125,3.8125,3.5
07/04/2014,3.52,3.54,3.8012,3.807,3.5
08/04/2014,3.51,3.54,3.8054,3.8002,3.5
09/04/2014,3.51,3.54,3.8132,3.8184,3.5
10/04/2014,3.51,3.54,3.8087,3.813,3.5
11/04/2014,3.51,3.54,3.804,3.8165,3.5
14/04/2014,3.51,3.54,3.796,3.8075,3.5
15/04/2014,3.52,3.55,3.8,3.8075,3.5
16/04/2014,3.54,3.57,3.8085,3.8125,3.5
21/04/2014,3.5,3.53,3.795,3.8075,3.5
22/04/2014,3.5,3.52,3.811,3.8218,3.5
23/04/2014,3.49,3.51,3.8075,3.8175,3.5
24/04/2014,3.48,3.51,3.8145,3.8287,3.5
25/04/2014,3.48,3.51,3.8022,3.8143,3.5
28/04/2014,3.49,3.51,3.8152,3.826,3.5
29/04/2014,3.49,3.52,3.7956,3.8075,3.5
30/04/2014,3.51,3.57,3.795,3.8067,3.5
02/05/2014,3.5,3.53,3.7905,3.81,3.5
05/05/2014,3.49,3.52,3.8,3.8086,3.5
06/05/2014,3.49,3.53,3.805,3.815,3.5
07/05/2014,3.5,3.54,3.798,3.8122,3.5
08/05/2014,3.5,3.54,3.801,3.8148,3.5
09/05/2014,3.5,3.53,3.8149,3.826,3.5
12/05/2014,3.5,3.52,3.7987,3.8087,3.5
13/05/2014,3.5,3.53,3.7935,3.812,3.5
14/05/2014,3.5,3.53,3.809,3.82,3.5
15/05/2014,3.5,3.54,3.8171,3.8284,3.5
16/05/2014,3.51,3.54,3.8075,3.8175,3.5
19/05/2014,3.5,3.53,3.8084,3.8184,3.5
20/05/2014,3.49,3.52,3.7948,3.8093,3.5
21/05/2014,3.5,3.52,3.8,3.8153,3.5
22/05/2014,3.5,3.53,3.8085,3.821,3.5
23/05/2014,3.5,3.53,3.8072,3.823,3.5
26/05/2014,3.5,3.53,3.816,3.8297,3.5
27/05/2014,3.5,3.53,3.7915,3.8087,3.5
28/05/2014,3.5,3.53,3.8085,3.816,3.5
29/05/2014,3.5,3.53,3.7968,3.8128,3.5
30/05/2014,3.51,3.56,3.7858,3.8014,3.5
02/06/2014,3.5,3.53,3.7785,3.7947,3.5
03/06/2014,3.51,3.54,3.8043,3.816,3.5
04/06/2014,3.51,3.54,3.8085,3.8172,3.5
05/06/2014,3.51,3.54,3.8095,3.819,3.5
06/06/2014,3.01,3.04,3.8085,3.8185,3
09/06/2014,3.01,3.04,3.325,3.34,3
10/06/2014,3.01,3.04,3.322,3.3295,3
11/06/2014,3.02,3.05,3.316,3.3235,3
12/06/2014,3.03,3.06,3.3093,3.3185,3
13/06/2014,3.06,3.08,3.3091,3.319,3
16/06/2014,3.04,3.06,3.3118,3.3169,3
17/06/2014,3.05,3.08,3.3075,3.315,3
18/06/2014,3.05,3.08,3.3095,3.315,3
19/06/2014,3.04,3.06,3.31,3.3176,3
20/06/2014,3.02,3.05,3.31,3.3175,3
23/06/2014,3,3.03,3.3184,3.3284,3
24/06/2014,3,3.03,3.31,3.3175,3
25/06/2014,2.99,3.02,3.3075,3.315,3
26/06/2014,3,3.03,3.3125,3.3225,3
27/06/2014,3,3.03,3.3087,3.3212,3
30/06/2014,3.01,3.08,3.305,3.32,3
01/07/2014,3.01,3.04,3.3075,3.3175,3
02/07/2014,3.01,3.04,3.3077,3.3269,3
03/07/2014,3,3.03,3.3125,3.3264,3
04/07/2014,3,3.03,3.3068,3.3165,3
07/07/2014,3,3.03,3.3008,3.3083,3
08/07/2014,3,3.02,3.296,3.3035,3
09/07/2014,2.99,3.02,3.2919,3.2998,3
10/07/2014,2.99,3.02,3.2945,3.304,3
11/07/2014,2.99,3.02,3.294,3.3035,3
14/07/2014,2.99,3.02,3.3074,3.3175,3
15/07/2014,2.99,3.02,3.3095,3.3195,3
16/07/2014,2.99,3.02,3.2972,3.3097,3
17/07/2014,3,3.02,3.297,3.3123,3
18/07/2014,2.99,3.02,3.2932,3.3061,3
21/07/2014,3,3.02,3.2821,3.3024,3
22/07/2014,3,3.02,3.2891,3.305,3
23/07/2014,3,3.02,3.285,3.2978,3
24/07/2014,3,3.02,3.2875,3.3,3
25/07/2014,3,3.02,3.2936,3.3048,3
28/07/2014,3,3.02,3.291,3.3019,3
29/07/2014,3,3.02,3.2886,3.2984,3
30/07/2014,3,3.02,3.3023,3.312,3
31/07/2014,3.01,3.06,3.3075,3.3175,3
01/08/2014,3,3.03,3.31,3.3215,3
04/08/2014,2.99,3.03,3.3,3.3115,3
05/08/2014,3.01,3.05,3.3125,3.32,3
06/08/2014,3.02,3.07,3.2965,3.3083,3
07/08/2014,3.03,3.06,3.297,3.3125,3
08/08/2014,3.01,3.05,3.2935,3.3062,3
11/08/2014,3.01,3.04,3.298,3.3076,3
12/08/2014,3.01,3.04,3.2972,3.3078,3
13/08/2014,3.01,3.04,3.301,3.32,3
14/08/2014,3.01,3.03,3.2941,3.3075,3
15/08/2014,3.01,3.04,3.3025,3.3125,3
18/08/2014,3.01,3.04,3.2983,3.3063,3
19/08/2014,3.01,3.05,3.2925,3.3025,3
20/08/2014,3.02,3.05,3.2864,3.2935,3
21/08/2014,3.02,3.07,3.3025,3.3125,3
22/08/2014,3.02,3.07,3.3025,3.3125,3
25/08/2014,3.02,3.06,3.2975,3.3036,3
26/08/2014,3.02,3.04,3.3025,3.3125,3
27/08/2014,3,3.04,3.2925,3.2936,3
28/08/2014,3,3.04,3.2951,3.299,3
29/08/2014,3.01,3.1,3.2975,3.3025,3
01/09/2014,3.01,3.04,3.286,3.29,3
02/09/2014,3.01,3.04,3.291,3.2972,3
03/09/2014,3.01,3.04,3.291,3.298,3
04/09/2014,3,3.04,3.295,3.297,3
05/09/2014,3.01,3.04,3.2826,3.2858,3
08/09/2014,3.01,3.03,3.2925,3.2925,3
09/09/2014,3,3.02,3.2925,3.2981,3
10/09/2014,3,3.02,3.2926,3.2973,3
11/09/2014,3,3.02,3.2818,3.2855,3
12/09/2014,3,3.02,3.293,3.2975,3
15/09/2014,3,3.03,3.2926,3.2973,3
17/09/2014,3,3.02,3.3065,3.3137,3
18/09/2014,2.99,3.01,3.29,3.3,3
19/09/2014,3.02,3.01,3.2975,3.3075,3
22/09/2014,2.99,3.01,3.2975,3.3075,3
23/09/2014,2.98,3,3.2865,3.2955,3
24/09/2014,2.97,2.99,3.282,3.2916,3
25/09/2014,2.98,2.99,3.2825,3.2925,3
26/09/2014,2.97,2.99,3.2768,3.2841,3
29/09/2014,2.96,2.99,3.2741,3.282,3
30/09/2014,3,3.07,3.2916,3.297,3
01/10/2014,2.99,3.01,3.2793,3.2928,3
02/10/2014,3,3.04,3.2896,3.2948,3
03/10/2014,3.01,3.05,3.3,3.31,3
06/10/2014,3,3.03,3.295,3.31,3
07/10/2014,3,3.03,3.295,3.31,3
08/10/2014,3,3.03,3.305,3.3175,3
09/10/2014,3.01,3.03,3.2975,3.3087,3
10/10/2014,3,3.03,3.2996,3.3028,3
13/10/2014,3,3.03,3.29,3.2975,3
14/10/2014,3,3.03,3.3031,3.3065,3
15/10/2014,3.01,3.04,3.2965,3.305,3
16/10/2014,3.01,3.03,3.2886,3.2943,3
17/10/2014,3.01,3.05,3.2835,3.2906,3
20/10/2014,3.03,3.06,3.285,3.295,3
21/10/2014,3.01,3.04,3.2975,3.3075,3
22/10/2014,3.01,3.04,3.3,3.31,3
23/10/2014,3,3.03,3.295,3.305,3
24/10/2014,3,3.03,3.2875,3.2973,3
27/10/2014,3.01,3.04,3.2838,3.2923,3
28/10/2014,3.03,3.05,3.295,3.305,3
29/10/2014,3.01,3.03,3.2903,3.2991,3
30/10/2014,3.02,3.05,3.2762,3.2841,3
31/10/2014,3.02,3.08,3.281,3.29,3
03/11/2014,3.02,3.06,3.28,3.29,3
04/11/2014,3.05,3.07,3.2938,3.3015,3
05/11/2014,3.02,3.04,3.2819,3.2982,3
06/11/2014,3.01,3.04,3.2755,3.2835,3
07/11/2014,3.02,3.04,3.2798,3.2888,3
10/11/2014,3.01,3.05,3.2762,3.2858,3
11/11/2014,3.02,3.06,3.2746,3.2819,3
12/11/2014,3.03,3.06,3.295,3.305,3
13/11/2014,3.03,3.06,3.295,3.305,3
14/11/2014,3.04,3.07,3.28,3.288,3
18/11/2014,3.04,3.06,3.28,3.2891,3
19/11/2014,3.04,3.07,3.2775,3.2887,3
20/11/2014,3.04,3.06,3.2775,3.285,3
21/11/2014,3.02,3.04,3.2977,3.305,3
24/11/2014,3.02,3.04,3.3025,3.3125,3
25/11/2014,3.01,3.03,3.2975,3.3075,3
26/11/2014,3.01,3.03,3.2904,3.2996,3
27/11/2014,3.02,3.04,3.2957,3.3051,3
28/11/2014,3.02,3.05,3.3085,3.3185,3
01/12/2014,3.01,3.03,3.2965,3.3071,3
02/12/2014,3.02,3.04,3.3025,3.3125,3
03/12/2014,3.01,3.03,3.2941,3.3133,3
04/12/2014,3.02,3.03,3.2875,3.3016,3
05/12/2014,3.02,3.04,3.285,3.2958,3
08/12/2014,3.01,3.04,3.2975,3.3075,3
09/12/2014,3.02,3.04,3.2975,3.3075,3
10/12/2014,3.02,3.05,3.3007,3.3067,3
11/12/2014,3.03,3.07,3.2928,3.3008,3
15/12/2014,3.04,3.07,3.2975,3.3075,3
16/12/2014,3.04,3.08,3.2975,3.3075,3
17/12/2014,3.05,3.1,3.2996,3.3093,3
18/12/2014,3.05,3.09,3.2996,3.3096,3
19/12/2014,3.06,3.1,3.2996,3.3101,3
22/12/2014,3.06,3.1,3.2975,3.3125,3
23/12/2014,3.07,3.1,3.3112,3.325,3
24/12/2014,3.09,3.15,3.312,3.3195,3
26/12/2014,3.09,3.12,3.306,3.315,3
29/12/2014,3.09,3.12,3.302,3.3126,3
30/12/2014,3.08,3.11,3.3066,3.311,3
31/12/2014,3.12,3.22,3.311,3.3155,3
02/01/2015,3.11,3.15,3.3205,3.3245,3
05/01/2015,3.08,3.1,3.324,3.329,3
06/01/2015,3.03,3.05,3.3225,3.33,3
07/01/2015,3.01,3.03,3.305,3.315,3
08/01/2015,3,3.02,3.3,3.31,3
09/01/2015,3,3.03,3.3075,3.3135,3
12/01/2015,3,3.02,3.3,3.31,3
13/01/2015,2.99,3.02,3.2885,3.297,3
14/01/2015,3,3.03,3.2991,3.31,3
15/01/2015,3,3.03,3.2975,3.3075,3
16/01/2015,3.01,3.03,3.3025,3.31,3
19/01/2015,3.01,3.02,3.2962,3.305,3
20/01/2015,3,3.02,3.3017,3.311,3
21/01/2015,3.01,3.03,3.29,3.3001,3
22/01/2015,3,3.02,3.295,3.3025,3
23/01/2015,2.99,3.01,3.2925,3.3012,3
26/01/2015,3,3.03,3.2975,3.305,3
27/01/2015,3,3.02,3.3039,3.3149,3
28/01/2015,3.01,3.03,3.2977,3.2924,3
29/01/2015,3.01,3.01,3.305,3.3005,3
30/01/2015,3.03,3.07,3.2875,3.2885,3
03/02/2015,3.01,3.03,3.295,3.303,3
04/02/2015,3.04,3.07,3.301,3.3005,3
05/02/2015,3.02,3.04,3.3,3.31,3
06/02/2015,3.03,3.05,3.2925,3.3,3
09/02/2015,3.02,3.05,3.291,3.295,3
10/02/2015,3.02,3.05,3.2975,3.305,3
11/02/2015,3.03,3.07,3.2955,3.3025,3
12/02/2015,3.04,3.07,3.2891,3.2975,3
13/02/2015,3.04,3.08,3.3029,3.3134,3
16/02/2015,3.05,3.08,3.2961,3.3036,3
17/02/2015,3.03,3.06,3.2975,3.3075,3
18/02/2015,3.04,3.07,3.3,3.31,3
19/02/2015,3.04,3.06,3.3,3.31,3
20/02/2015,3.03,3.06,3.295,3.305,3
23/02/2015,3.01,3.04,3.2925,3.3025,3
24/02/2015,3.01,3.04,3.3,3.31,3
25/02/2015,3.01,3.04,3.3025,3.3116,3
26/02/2015,3.01,3.05,3.3041,3.315,3
27/02/2015,3.05,3.09,3.2925,3.305,3
02/03/2015,3.02,3.06,3.2987,3.3075,3
03/03/2015,3.07,3.11,3.29,3.3,3
04/03/2015,3.03,3.07,3.2934,3.3067,3
05/03/2015,3.04,3.06,3.2953,3.3075,3
06/03/2015,3.04,3.07,3.2875,3.3025,3
09/03/2015,3.02,3.06,3.3037,3.3162,3
10/03/2015,3.04,3.08,3.305,3.3365,3
11/03/2015,3.07,3.09,3.3075,3.329,3
12/03/2015,3.04,3.07,3.31,3.37,3
13/03/2015,3.07,3.1,3.3025,3.35,3
17/03/2015,3.08,3.08,3.3112,3.3386,3
18/03/2015,3.07,3.1,3.314,3.339,3
19/03/2015,3.06,3.08,3.309,3.3681,3
20/03/2015,3.02,3.05,3.299,3.334,3
23/03/2015,3.03,3.06,3.303,3.3341,3
24/03/2015,3.06,3.07,3.305,3.325,3
25/03/2015,3.03,3.06,3.3083,3.33,3
26/03/2015,3.04,3.06,3.3075,3.3275,3
27/03/2015,3.03,3.06,3.31,3.3445,3
30/03/2015,3.07,3.09,3.305,3.3325,3
31/03/2015,3.06,3.13,3.2955,3.3265,3
01/04/2015,3.08,3.14,3.299,3.3262,3
06/04/2015,3.06,3.11,3.295,3.3225,3
07/04/2015,3.03,3.07,3.3,3.32,3
08/04/2015,3.04,3.06,3.29,3.3115,3
09/04/2015,3.05,3.06,3.305,3.3135,3
10/04/2015,3.03,3.05,3.31,3.308,3
13/04/2015,3.03,3.05,3.3082,3.3137,3
14/04/2015,3.03,3.05,3.3,3.31,3
15/04/2015,3.03,3.05,3.3,3.31,3
16/04/2015,3.03,3.05,3.278,3.2955,3
17/04/2015,3.03,3.05,3.285,3.2915,3
20/04/2015,3.03,3.04,3.295,3.305,3
21/04/2015,3.02,3.04,3.2955,3.303,3
22/04/2015,3.02,3.04,3.297,3.3075,3
23/04/2015,2.98,3,3.293,3.297,3
24/04/2015,2.97,2.99,3.3046,3.3132,3
27/04/2015,2.97,2.99,3.3,3.309,3
28/04/2015,2.97,2.99,3.29,3.2955,3
29/04/2015,2.97,2.99,3.2875,3.295,3
30/04/2015,3.02,3.07,3.2975,3.3075,3
04/05/2015,2.99,3.01,3.3062,3.312,3
05/05/2015,3.03,3.05,3.3,3.31,3
06/05/2015,2.99,3.01,3.295,3.305,3
07/05/2015,2.99,3.01,3.3075,3.3175,3
08/05/2015,2.98,3,3.3,3.3125,3
11/05/2015,2.98,3.01,3.3,3.31,3
12/05/2015,2.99,3,3.3,3.31,3
13/05/2015,3,3.01,3.3065,3.3196,3
14/05/2015,3,3.02,3.302,3.32,3
15/05/2015,3,3.02,3.3,3.31,3
18/05/2015,3,3.03,3.2935,3.306,3
19/05/2015,3,3.02,3.2995,3.3138,3
20/05/2015,3,3.02,3.2945,3.3075,3
21/05/2015,2.99,3.01,3.31,3.316,3
22/05/2015,2.98,2.99,3.299,3.3075,3
25/05/2015,2.99,3,3.3072,3.3165,3
26/05/2015,2.98,2.99,3.305,3.3165,3
27/05/2015,2.98,2.99,3.3,3.31,3
28/05/2015,2.99,3.02,3.3025,3.3143,3
29/05/2015,3.05,3.09,3.295,3.305,3
01/06/2015,3,3.03,3.3,3.31,3
02/06/2015,3.05,3.07,3.3089,3.3197,3
03/06/2015,3.04,3.07,3.3075,3.315,3
04/06/2015,3.06,3.09,3.3,3.31,3
05/06/2015,3.06,3.1,3.31,3.32,3
08/06/2015,3.07,3.1,3.3105,3.32,3
09/06/2015,3.07,3.1,3.3094,3.3199,3
10/06/2015,3.07,3.09,3.3,3.3105,3
11/06/2015,3.02,3.04,3.295,3.305,3
12/06/2015,3.03,3.08,3.3145,3.305,3
15/06/2015,3.07,3.1,3.3025,3.3125,3
16/06/2015,3.1,3.14,3.305,3.3143,3
17/06/2015,3.1,3.13,3.308,3.3175,3
18/06/2015,3.08,3.13,3.31,3.3183,3
19/06/2015,3.11,3.12,3.31,3.3178,3
22/06/2015,3.04,3.07,3.3025,3.3125,3
23/06/2015,3.04,3.07,3.3088,3.319,3
24/06/2015,3.05,3.08,3.3025,3.3125,3
25/06/2015,3.06,3.09,3.2975,3.3075,3
26/06/2015,3.08,3.11,3.295,3.305,3
29/06/2015,3.1,3.16,3.3025,3.3121,3
30/06/2015,3.21,3.32,3.3025,3.3125,3
01/07/2015,3.06,3.1,3.31,3.32,3
02/07/2015,3.03,3.08,3.3025,3.3125,3
03/07/2015,3.09,3.13,3.3037,3.3104,3
06/07/2015,3.13,3.19,3.3,3.31,3
07/07/2015,3.09,3.15,3.2988,3.3116,3
08/07/2015,3.13,3.15,3.2925,3.3025,3
09/07/2015,3.06,3.07,3.2966,3.315,3
10/07/2015,3.03,3.05,3.296,3.3135,3
13/07/2015,3.03,3.06,3.2956,3.3075,3
14/07/2015,3.07,3.09,3.2987,3.3119,3
15/07/2015,3.05,3.06,3.3075,3.32,3
16/07/2015,3.04,3.06,3.3095,3.321,3
17/07/2015,3.08,3.1,3.3025,3.315,3
20/07/2015,3.06,3.09,3.3,3.3125,3
21/07/2015,3.06,3.1,3.3042,3.315,3
22/07/2015,3.08,3.11,3.3087,3.3187,3
23/07/2015,3.03,3.04,3.305,3.3175,3
24/07/2015,3.04,3.05,3.3075,3.3175,3
27/07/2015,3.04,3.06,3.31,3.3211,3
28/07/2015,3.06,3.08,3.313,3.323,3
29/07/2015,3.06,3.08,3.305,3.32,3
30/07/2015,3.07,3.11,3.3025,3.3205,3
31/07/2015,3.14,3.18,3.3112,3.3278,3
03/08/2015,3.05,3.07,3.314,3.33,3
04/08/2015,3.03,3.06,3.3075,3.3513,3
05/08/2015,3.03,3.06,3.31,3.352,3
06/08/2015,3.04,3.08,3.3132,3.3466,3
07/08/2015,3.04,3.11,3.31,3.345,3
10/08/2015,3.08,3.13,3.3134,3.355,3
11/08/2015,3.1,3.17,3.3095,3.3438,3
12/08/2015,3.16,3.24,3.3075,3.3437,3
13/08/2015,3.04,3.09,3.3075,3.343,3
14/08/2015,3,3.05,3.3116,3.353,3
17/08/2015,3.01,3.04,3.31,3.3508,3
18/08/2015,2.99,3.03,3.313,3.365,3
19/08/2015,2.99,3.02,3.31,3.3638,3
20/08/2015,2.99,3.02,3.3173,3.3608,3
21/08/2015,2.98,3.02,3.321,3.366,3
24/08/2015,3,3.03,3.3199,3.3554,3
25/08/2015,3,3.03,3.3321,3.36,3
26/08/2015,3.01,3.04,3.326,3.3623,3
27/08/2015,3.03,3.05,3.33,3.3595,3
28/08/2015,3.04,3.07,3.326,3.355,3
31/08/2015,3.08,3.17,3.33,3.3505,3
01/09/2015,3.05,3.1,3.335,3.3575,3
02/09/2015,3.09,3.16,3.335,3.3648,3
03/09/2015,3.13,3.19,3.3358,3.363,3
04/09/2015,3.04,3.07,3.335,3.3643,3
07/09/2015,3,3.04,3.334,3.364,3
08/09/2015,3.01,3.04,3.339,3.37,3
09/09/2015,3.01,3.04,3.342,3.377,3
10/09/2015,3.02,3.05,3.3425,3.3785,3
11/09/2015,3.03,3.06,3.3436,3.3825,3
14/09/2015,3.04,3.07,3.3444,3.3815,3
15/09/2015,3.07,3.1,3.3439,3.3785,3
17/09/2015,3.03,3.05,3.3465,3.38,3
18/09/2015,3.01,3.04,3.3415,3.375,3
21/09/2015,3.01,3.04,3.3257,3.3625,3
22/09/2015,3.01,3.03,3.33,3.355,3
23/09/2015,3.01,3.04,3.3289,3.34,3
24/09/2015,3.02,3.04,3.32,3.335,3
25/09/2015,3.01,3.04,3.3225,3.335,3
28/09/2015,3.02,3.04,3.325,3.34,3
29/09/2015,3.02,3.04,3.325,3.3351,3
30/09/2015,3.05,3.08,3.325,3.3385,3
01/10/2015,3.01,3.06,3.3225,3.3348,3
02/10/2015,3.05,3.08,3.3247,3.34,3
05/10/2015,3.02,3.04,3.3125,3.325,3
06/10/2015,3.02,3.04,3.31,3.33,3
07/10/2015,3.02,3.04,3.3134,3.331,3
08/10/2015,3.01,3.02,3.305,3.3212,3
09/10/2015,2.98,3,3.3106,3.325,3
12/10/2015,2.98,2.99,3.31,3.33,3
13/10/2015,2.98,3,3.3025,3.315,3
14/10/2015,3.01,3.03,3.305,3.3125,3
15/10/2015,3.01,3.03,3.3,3.31,3
16/10/2015,3.01,3.03,3.3,3.31,3
19/10/2015,3.01,3.03,3.308,3.3085,3
20/10/2015,3.01,3.04,3.31,3.315,3
21/10/2015,3.04,3.05,3.3,3.31,3
22/10/2015,3.01,3.03,3.3,3.31,3
23/10/2015,3.01,3.02,3.2925,3.3025,3
26/10/2015,3,3.03,3.29,3.3,3
27/10/2015,3.03,3.06,3.29,3.3,3
28/10/2015,3.05,3.07,3.3037,3.3127,3
29/10/2015,3.07,3.09,3.3,3.315,3
30/10/2015,3.15,3.19,3.3,3.3125,3
03/11/2015,3.05,3.07,3.3025,3.325,3
04/11/2015,3.03,3.07,3.3,3.3225,3
05/11/2015,3.11,3.14,3.3005,3.335,3
06/11/2015,3.07,3.09,3.3025,3.3315,3
09/11/2015,3.05,3.07,3.3025,3.33,3
10/11/2015,3.06,3.08,3.3099,3.3588,3
11/11/2015,3.11,3.14,3.315,3.3658,3
12/11/2015,3.11,3.15,3.31,3.38,3
13/11/2015,3.04,3.06,3.32,3.381,3
17/11/2015,3.03,3.05,3.326,3.385,3
18/11/2015,3.04,3.05,3.3225,3.39,3
19/11/2015,3.03,3.06,3.3318,3.41,3
20/11/2015,3.02,3.04,3.3225,3.395,3
23/11/2015,3.02,3.04,3.3325,3.4168,3
24/11/2015,3.01,3.03,3.326,3.4035,3
25/11/2015,3.01,3.03,3.33,3.4075,3
26/11/2015,3.01,3.03,3.323,3.3949,3
27/11/2015,3.01,3.02,3.315,3.395,3
30/11/2015,3.1,3.13,3.3175,3.405,3
01/12/2015,3.04,3.08,3.3116,3.4035,3
02/12/2015,3.11,3.13,3.325,3.415,3
03/12/2015,3.08,3.1,3.3358,3.4321,3
04/12/2015,3.08,3.12,3.34,3.44,3
07/12/2015,3.1,3.18,3.33,3.435,3
08/12/2015,3.3,3.38,3.34,3.4425,3
09/12/2015,3.14,3.16,3.35,3.4525,3
10/12/2015,3.05,3.09,3.36,3.46,3
11/12/2015,3,3.01,3.3525,3.4575,3
14/12/2015,2.99,3.01,3.3555,3.4562,3
15/12/2015,3.03,3.06,3.34,3.44,3
16/12/2015,3.29,3.34,3.3621,3.4645,3
17/12/2015,3.48,3.55,3.3825,3.495,3.25
18/12/2015,3.29,3.34,3.425,3.5475,3.25
21/12/2015,3.31,3.33,3.4715,3.55,3.25
22/12/2015,3.31,3.33,3.5042,3.5696,3.25
23/12/2015,3.36,3.37,3.53,3.5794,3.25
24/12/2015,3.43,3.45,3.5316,3.5745,3.25
28/12/2015,3.33,3.33,3.535,3.5748,3.25
29/12/2015,3.26,3.27,3.5505,3.58,3.25
30/12/2015,3.27,3.28,3.5525,3.586,3.25
31/12/2015,3.37,3.32,3.5475,3.58,3.25
04/01/2016,3.28,3.31,3.555,3.5886,3.25
05/01/2016,3.33,3.36,3.5575,3.5866,3.25
06/01/2016,3.31,3.33,3.554,3.5785,3.25
07/01/2016,3.28,3.3,3.56,3.5892,3.25
08/01/2016,3.26,3.27,3.56,3.59,3.25
11/01/2016,3.23,3.24,3.5545,3.5821,3.25
12/01/2016,3.23,3.24,3.5539,3.5856,3.25
13/01/2016,3.24,3.24,3.5505,3.5839,3.25
14/01/2016,3.23,3.23,3.5579,3.59,3.25
15/01/2016,3.22,3.23,3.5543,3.5865,3.25
18/01/2016,3.23,3.24,3.5547,3.5875,3.25
19/01/2016,3.25,3.26,3.5598,3.59,3.25
20/01/2016,3.33,3.33,3.5551,3.5886,3.25
21/01/2016,3.27,3.29,3.554,3.5871,3.25
22/01/2016,3.25,3.25,3.56,3.5925,3.25
25/01/2016,3.25,3.25,3.5545,3.5886,3.25
26/01/2016,3.27,3.28,3.56,3.59,3.25
27/01/2016,3.3,3.3,3.561,3.5917,3.25
28/01/2016,3.24,3.26,3.56,3.5915,3.25
29/01/2016,3.34,3.35,3.5551,3.5882,3.25
02/02/2016,3.27,3.29,3.557,3.5904,3.25
03/02/2016,3.26,3.28,3.555,3.5912,3.25
04/02/2016,3.25,3.27,3.5588,3.5916,3.25
05/02/2016,3.26,3.26,3.56,3.5925,3.25
08/02/2016,3.25,3.25,3.5616,3.5921,3.25
09/02/2016,3.25,3.25,3.558,3.5881,3.25
10/02/2016,3.25,3.25,3.5598,3.59,3.25
11/02/2016,3.26,3.27,3.5541,3.5873,3.25
12/02/2016,3.27,3.27,3.555,3.585,3.25
15/02/2016,3.26,3.27,3.5476,3.5813,3.25
16/02/2016,3.25,3.25,3.5483,3.5825,3.25
17/02/2016,3.25,3.26,3.5543,3.5858,3.75
18/02/2016,3.79,3.81,4.035,4.0425,3.75
19/02/2016,3.8,3.81,4.0303,4.0578,3.75
22/02/2016,3.82,3.83,4.035,4.055,3.75
23/02/2016,3.78,3.79,4.0316,4.0516,3.75
24/02/2016,3.76,3.77,4.0507,4.08,3.75
25/02/2016,3.77,3.77,4.0547,4.0825,3.75
26/02/2016,3.8,3.82,4.0555,4.09,3.75
29/02/2016,3.92,3.92,4.0501,4.08,3.75
01/03/2016,3.8,3.83,4.0594,4.0944,3.75
02/03/2016,3.84,3.86,4.0577,4.09,3.75
03/03/2016,3.79,3.8,4.06,4.1044,3.75
04/03/2016,3.77,3.79,4.0601,4.1075,3.75
07/03/2016,3.76,3.77,4.064,4.11,3.75
08/03/2016,3.75,3.76,4.0625,4.1085,3.75
09/03/2016,3.74,3.76,4.0606,4.1121,3.75
10/03/2016,3.74,3.77,4.0601,4.1135,3.75
11/03/2016,3.75,3.76,4.0606,4.1117,3.75
14/03/2016,3.75,3.77,4.0613,4.1199,3.75
15/03/2016,3.75,3.76,4.0625,4.115,3.75
16/03/2016,3.76,3.78,4.0645,4.12,3.75
17/03/2016,3.79,3.8,4.0647,4.115,3.75
18/03/2016,3.8,3.83,4.0648,4.115,3.75
22/03/2016,3.82,3.85,4.066,4.115,3.75
23/03/2016,3.78,3.8,4.065,4.115,3.75
28/03/2016,3.75,3.77,4.0674,4.115,3.75
29/03/2016,3.74,3.75,4.065,4.115,3.75
30/03/2016,3.73,3.76,4.0625,4.1125,3.75
31/03/2016,3.79,3.81,4.065,4.115,3.75
01/04/2016,3.73,3.75,4.065,4.115,3.75
04/04/2016,3.74,3.75,4.0625,4.115,3.75
05/04/2016,3.7,3.71,4.065,4.115,3.75
06/04/2016,3.61,3.63,4.0653,4.1164,3.75
07/04/2016,3.62,3.63,4.0661,4.115,3.75
08/04/2016,3.64,3.66,4.065,4.115,3.75
11/04/2016,3.72,3.75,4.0624,4.1161,3.75
12/04/2016,3.74,3.76,4.0625,4.113,3.75
13/04/2016,3.74,3.76,4.0625,4.1125,3.75
14/04/2016,3.73,3.76,4.0618,4.1125,3.75
15/04/2016,3.72,3.76,4.065,4.115,3.75
18/04/2016,3.73,3.75,4.065,4.115,3.75
19/04/2016,3.73,3.76,4.0652,4.1158,3.75
20/04/2016,3.75,3.77,4.0626,4.115,3.75
21/04/2016,3.71,3.74,4.065,4.115,3.75
22/04/2016,3.72,3.76,4.065,4.115,3.75
25/04/2016,3.75,3.79,4.0625,4.1125,3.75
26/04/2016,3.81,3.85,4.065,4.115,3.75
27/04/2016,3.83,3.89,4.0655,4.1159,3.75
28/04/2016,3.8,3.86,4.065,4.115,3.75
29/04/2016,3.94,3.97,4.065,4.115,3.75
02/05/2016,3.81,3.85,4.0655,4.1159,3.75
03/05/2016,3.84,3.89,4.065,4.115,3.75
04/05/2016,3.81,3.85,4.0625,4.115,3.75
05/05/2016,3.76,3.79,4.0633,4.114,3.75
06/05/2016,3.74,3.75,4.0638,4.1148,3.75
09/05/2016,3.69,3.71,4.065,4.115,3.75
10/05/2016,3.76,3.8,4.0611,4.1146,3.75
11/05/2016,3.79,3.82,4.0599,4.1141,3.75
12/05/2016,3.8,3.83,4.0603,4.1139,3.75
13/05/2016,3.81,3.85,4.0607,4.1139,3.75
16/05/2016,3.8,3.84,4.065,4.115,3.75
17/05/2016,3.8,3.84,4.066,4.115,3.75
18/05/2016,3.77,3.79,4.065,4.1155,3.75
19/05/2016,3.77,3.8,4.065,4.1175,3.75
20/05/2016,3.77,3.77,4.0812,4.1375,3.75
23/05/2016,3.72,3.73,4.0775,4.1328,3.75
24/05/2016,3.66,3.67,4.0936,4.1578,3.75
25/05/2016,3.69,3.7,4.1081,4.1817,3.75
26/05/2016,3.72,3.74,4.1125,4.1895,3.75
27/05/2016,3.78,3.8,4.095,4.1825,3.75
30/05/2016,3.81,3.85,4.0975,4.1848,3.75
31/05/2016,3.93,3.97,4.097,4.1915,3.75
01/06/2016,3.8,3.83,4.1,4.2025,3.75
02/06/2016,3.91,3.99,4.0958,4.1999,3.75
03/06/2016,4.02,4.06,4.0965,4.1935,3.75
06/06/2016,3.81,3.85,4.0926,4.19,3.75
07/06/2016,3.76,3.79,4.0915,4.1836,3.75
08/06/2016,3.76,3.78,4.0886,4.189,3.75
09/06/2016,3.74,3.77,4.0925,4.1975,3.75
10/06/2016,3.79,3.83,4.0869,4.1856,3.75
13/06/2016,3.79,3.84,4.095,4.2016,3.75
14/06/2016,3.81,3.85,4.0986,4.1968,3.75
15/06/2016,3.81,3.85,4.11,4.215,3.75
16/06/2016,3.77,3.78,4.1037,4.2071,3.75
17/06/2016,3.72,3.74,4.1046,4.1991,3.75
20/06/2016,3.75,3.77,4.105,4.2001,3.75
21/06/2016,3.76,3.77,4.1091,4.2138,3.75
22/06/2016,3.76,3.78,4.11,4.2195,3.75
23/06/2016,3.76,3.78,4.0995,4.2108,3.75
24/06/2016,3.8,3.83,4.0995,4.2098,3.75
27/06/2016,3.81,3.82,4.1042,4.212,3.75
28/06/2016,3.78,3.8,4.1185,4.2373,3.75
29/06/2016,3.79,3.8,4.1131,4.231,3.75
30/06/2016,3.93,3.95,4.1116,4.2225,4.25
01/07/2016,4.25,4.27,4.1138,4.232,4.25
04/07/2016,4.24,4.25,4.56,4.645,4.25
05/07/2016,4.23,4.25,4.5605,4.66,4.25
06/07/2016,4.23,4.25,4.5715,4.67,4.25
07/07/2016,4.23,4.25,4.5775,4.675,4.25
08/07/2016,4.24,4.26,4.5821,4.6776,4.25
11/07/2016,4.24,4.26,4.576,4.6688,4.25
12/07/2016,4.24,4.26,4.5758,4.6758,4.25
13/07/2016,4.24,4.26,4.5806,4.6808,4.25
14/07/2016,4.24,4.26,4.585,4.685,4.25
15/07/2016,4.23,4.26,4.589,4.6895,4.25
18/07/2016,4.23,4.26,4.59,4.69,4.25
19/07/2016,4.23,4.26,4.59,4.69,4.25
20/07/2016,4.23,4.26,4.5875,4.687,4.25
21/07/2016,4.23,4.26,4.5908,4.6906,4.25
22/07/2016,4.23,4.26,4.5854,4.6853,4.25
25/07/2016,4.24,4.26,4.5849,4.6846,4.25
26/07/2016,4.24,4.26,4.5895,4.6892,4.25
27/07/2016,4.24,4.27,4.59,4.69,4.25
28/07/2016,4.26,4.29,4.5882,4.6875,4.25
29/07/2016,4.34,4.37,4.5874,4.6875,4.25
01/08/2016,4.3,4.34,4.585,4.685,4.25
02/08/2016,4.29,4.31,4.585,4.685,4.25
03/08/2016,4.26,4.29,4.5836,4.6846,4.25
04/08/2016,4.26,4.29,4.5828,4.6843,4.25
05/08/2016,4.27,4.29,4.5874,4.6894,4.25
08/08/2016,4.27,4.3,4.586,4.688,4.25
09/08/2016,4.27,4.31,4.5906,4.6908,4.25
10/08/2016,4.28,4.3,4.59,4.69,4.25
11/08/2016,4.27,4.29,4.59,4.69,4.25
12/08/2016,4.26,4.29,4.5875,4.6875,4.25
15/08/2016,4.27,4.3,4.5916,4.6918,4.25
16/08/2016,4.27,4.3,4.5912,4.6923,4.25
17/08/2016,4.26,4.28,4.5911,4.692,4.25
18/08/2016,4.25,4.27,4.5937,4.6946,4.25
19/08/2016,4.26,4.28,4.595,4.695,4.25
22/08/2016,4.25,4.27,4.595,4.6955,4.25
23/08/2016,4.24,4.27,4.594,4.693,4.25
24/08/2016,4.27,4.3,4.595,4.6949,4.25
25/08/2016,4.26,4.28,4.5925,4.6925,4.25
26/08/2016,4.25,4.28,4.5925,4.6925,4.25
29/08/2016,4.25,4.27,4.595,4.695,4.25
30/08/2016,4.26,4.29,4.595,4.695,4.25
31/08/2016,4.31,4.32,4.595,4.6475,4.25
01/09/2016,4.27,4.31,4.595,4.6725,4.25
02/09/2016,4.28,4.32,4.5925,4.6775,4.25
05/09/2016,4.27,4.31,4.5925,4.6725,4.25
06/09/2016,4.28,4.33,4.595,4.685,4.25
07/09/2016,4.28,4.32,4.595,4.6875,4.25
08/09/2016,4.29,4.33,4.595,4.6888,4.25
09/09/2016,4.28,4.32,4.59,4.685,4.25
12/09/2016,4.28,4.32,4.5906,4.6835,4.25
13/09/2016,4.27,4.31,4.591,4.6823,4.25
14/09/2016,4.28,4.32,4.595,4.69,4.25
15/09/2016,4.35,4.38,4.595,4.69,4.25
19/09/2016,4.28,4.32,4.595,4.69,4.25
20/09/2016,4.25,4.28,4.5951,4.714,4.25
21/09/2016,4.24,4.27,4.625,4.74,4.25
22/09/2016,4.24,4.25,4.6275,4.755,4.25
23/09/2016,4.22,4.24,4.6343,4.7554,4.25
26/09/2016,4.23,4.25,4.6389,4.7575,4.25
27/09/2016,4.23,4.25,4.6369,4.7562,4.25
28/09/2016,4.23,4.25,4.6399,4.76,4.25
29/09/2016,4.33,4.39,4.6439,4.7805,4.75
30/09/2016,4.89,4.89,4.6683,4.7932,4.75
03/10/2016,4.76,4.79,5.0725,5.15,4.75
04/10/2016,4.75,4.78,5.0935,5.1625,4.75
05/10/2016,4.75,4.77,5.0975,5.17,4.75
06/10/2016,4.72,4.75,5.1025,5.18,4.75
07/10/2016,4.74,4.77,5.105,5.18,4.75
10/10/2016,4.74,4.77,5.11,5.1875,4.75
11/10/2016,4.74,4.78,5.1065,5.1837,4.75
12/10/2016,4.75,4.78,5.1069,5.1835,4.75
13/10/2016,4.74,4.77,5.1122,5.185,4.75
14/10/2016,4.74,4.77,5.11,5.185,4.75
17/10/2016,4.74,4.76,5.1115,5.185,4.75
18/10/2016,4.74,4.77,5.11,5.1836,4.75
19/10/2016,4.76,4.77,5.1134,5.1904,4.75
20/10/2016,4.74,4.76,5.1125,5.1875,4.75
21/10/2016,4.74,4.77,5.115,5.1825,4.75
24/10/2016,4.74,4.76,5.1247,5.205,4.75
25/10/2016,4.74,4.77,5.1178,5.1975,4.75
26/10/2016,4.74,4.76,5.1155,5.1995,4.75
27/10/2016,4.74,4.77,5.1162,5.2025,4.75
28/10/2016,4.74,4.77,5.1163,5.2022,4.75
31/10/2016,4.81,4.83,5.1103,5.2,4.75
01/11/2016,4.76,4.79,5.1086,5.1974,4.75
03/11/2016,4.77,4.8,5.1143,5.2362,4.75
04/11/2016,4.79,4.83,5.1118,5.2173,4.75
07/11/2016,4.76,4.8,5.1136,5.215,4.75
08/11/2016,4.87,4.9,5.115,5.22,4.75
09/11/2016,4.86,4.88,5.1173,5.215,4.75
10/11/2016,4.73,4.75,5.2018,5.4646,4.75
11/11/2016,4.76,4.77,5.2359,5.56,4.75
14/11/2016,4.76,4.77,5.247,5.6099,4.75
15/11/2016,4.75,4.77,5.285,5.6496,4.75
16/11/2016,4.75,4.76,5.31,5.6791,4.75
17/11/2016,5.08,5.09,5.35,5.7245,5.25
18/11/2016,5.26,5.26,5.38,5.7557,5.25
22/11/2016,5.26,5.25,5.595,5.825,5.25
23/11/2016,5.19,5.2,5.575,5.8298,5.25
24/11/2016,5.24,5.24,5.5725,5.8336,5.25
25/11/2016,5.25,5.25,5.5762,5.8795,5.25
28/11/2016,5.25,5.26,5.575,5.8625,5.25
29/11/2016,5.26,5.27,5.5677,5.8622,5.25
30/11/2016,5.3,5.3,5.5738,5.8811,5.25
01/12/2016,5.25,5.27,5.5735,5.8725,5.25
02/12/2016,5.26,5.27,5.585,5.8735,5.25
05/12/2016,5.25,5.27,5.589,5.88,5.25
06/12/2016,5.26,5.26,5.595,5.8875,5.25
07/12/2016,5.25,5.26,5.6035,5.8846,5.25
08/12/2016,5.26,5.27,5.5983,5.865,5.25
09/12/2016,5.26,5.28,5.605,5.88,5.25
13/12/2016,5.28,5.29,5.6013,5.87,5.25
14/12/2016,5.4,5.45,5.6019,5.8722,5.25
15/12/2016,5.81,5.79,5.6049,5.8732,5.75
16/12/2016,5.81,5.82,5.6274,5.89,5.75
19/12/2016,5.79,5.8,6.0803,6.175,5.75
20/12/2016,5.79,5.8,6.0925,6.155,5.75
21/12/2016,5.79,5.79,6.1025,6.17,5.75
22/12/2016,5.78,5.78,6.1075,6.18,5.75
23/12/2016,5.75,5.75,6.105,6.1775,5.75
26/12/2016,5.78,5.78,6.11,6.1825,5.75
27/12/2016,5.78,5.79,6.11,6.1898,5.75
28/12/2016,5.78,5.78,6.11,6.19,5.75
29/12/2016,5.79,5.77,6.11,6.19,5.75
30/12/2016,5.78,5.74,6.1066,6.1875,5.75
02/01/2017,5.76,5.76,6.11,6.1925,5.75
03/01/2017,5.77,5.78,6.11,6.1936,5.75
04/01/2017,5.76,5.77,6.115,6.2096,5.75
05/01/2017,5.76,5.76,6.12,6.2099,5.75
06/01/2017,5.76,5.76,6.12,6.2356,5.75
09/01/2017,5.75,5.76,6.12,6.235,5.75
10/01/2017,5.75,5.75,6.115,6.2285,5.75
11/01/2017,5.75,5.75,6.115,6.2442,5.75
12/01/2017,5.76,5.77,6.115,6.26,5.75
13/01/2017,5.8,5.82,6.115,6.2608,5.75
16/01/2017,5.78,5.8,6.1175,6.2866,5.75
17/01/2017,5.76,5.76,6.1186,6.2738,5.75
18/01/2017,5.75,5.77,6.1276,6.285,5.75
19/01/2017,5.77,5.77,6.13,6.2975,5.75
20/01/2017,5.77,5.78,6.1375,6.3048,5.75
23/01/2017,5.77,5.77,6.1386,6.3108,5.75
24/01/2017,5.77,5.78,6.1424,6.3188,5.75
25/01/2017,5.77,5.8,6.1475,6.3322,5.75
26/01/2017,5.77,5.78,6.1475,6.345,5.75
27/01/2017,5.75,5.76,6.1475,6.3502,5.75
30/01/2017,5.75,5.75,6.1537,6.36,5.75
31/01/2017,5.82,5.82,6.1525,6.3533,5.75
01/02/2017,5.77,5.8,6.16,6.3621,5.75
02/02/2017,5.8,5.82,6.1615,6.3684,5.75
03/02/2017,5.79,5.82,6.1625,6.3712,5.75
07/02/2017,5.77,5.79,6.1703,6.3778,5.75
08/02/2017,5.79,5.82,6.1695,6.3762,5.75
09/02/2017,6.14,6.15,6.1823,6.385,6.25
10/02/2017,6.27,6.28,6.1958,6.3938,6.25
13/02/2017,6.27,6.29,6.585,6.6925,6.25
14/02/2017,6.27,6.28,6.5871,6.6833,6.25
15/02/2017,6.26,6.26,6.588,6.6826,6.25
16/02/2017,6.2,6.21,6.595,6.6896,6.25
17/02/2017,6.2,6.21,6.595,6.6885,6.25
20/02/2017,6.22,6.23,6.595,6.69,6.25
21/02/2017,6.25,6.26,6.5965,6.6927,6.25
22/02/2017,6.26,6.26,6.595,6.6942,6.25
23/02/2017,6.26,6.27,6.59,6.685,6.25
24/02/2017,6.26,6.27,6.6,6.6906,6.25
27/02/2017,6.27,6.28,6.603,6.6936,6.25
28/02/2017,6.28,6.29,6.605,6.6949,6.25
01/03/2017,6.29,6.32,6.6058,6.6956,6.25
02/03/2017,6.28,6.31,6.6066,6.696,6.25
03/03/2017,6.28,6.3,6.6103,6.695,6.25
06/03/2017,6.27,6.29,6.6075,6.73,6.25
07/03/2017,6.27,6.29,6.6076,6.745,6.25
08/03/2017,6.28,6.3,6.6072,6.7425,6.25
09/03/2017,6.28,6.3,6.605,6.76,6.25
10/03/2017,6.3,6.33,6.6064,6.7678,6.25
13/03/2017,6.3,6.33,6.61,6.7788,6.25
14/03/2017,6.35,6.4,6.62,6.7875,6.25
15/03/2017,6.45,6.49,6.62,6.8,6.25
16/03/2017,6.3,6.32,6.6267,6.8006,6.25
17/03/2017,6.26,6.26,6.6336,6.8091,6.25
21/03/2017,6.19,6.21,6.6355,6.81,6.25
22/03/2017,6.26,6.29,6.6425,6.82,6.25
23/03/2017,6.21,6.2,6.6438,6.8238,6.25
24/03/2017,6.1,6.08,6.6438,6.8215,6.25
27/03/2017,6.21,6.24,6.6325,6.8,6.25
28/03/2017,6.24,6.26,6.6413,6.815,6.25
29/03/2017,6.25,6.26,6.66,6.8375,6.25
30/03/2017,6.46,6.49,6.6693,6.8498,6.5
31/03/2017,6.59,6.59,6.6796,6.8506,6.5
03/04/2017,6.61,6.66,6.835,6.935,6.5
04/04/2017,6.66,6.74,6.8412,6.92,6.5
05/04/2017,6.63,6.66,6.849,6.9266,6.5
06/04/2017,6.42,6.45,6.8448,6.93,6.5
07/04/2017,6.44,6.46,6.8524,6.915,6.5
10/04/2017,6.5,6.52,6.8492,6.915,6.5
11/04/2017,6.57,6.6,6.855,6.9152,6.5
12/04/2017,6.57,6.6,6.8559,6.915,6.5
17/04/2017,6.44,6.45,6.86,6.92,6.5
18/04/2017,6.42,6.42,6.87,6.9287,6.5
19/04/2017,6.5,6.51,6.8725,6.9295,6.5
20/04/2017,6.5,6.53,6.8725,6.9271,6.5
21/04/2017,6.58,6.62,6.88,6.9325,6.5
24/04/2017,6.62,6.67,6.88,6.9343,6.5
25/04/2017,6.69,6.73,6.886,6.9355,6.5
26/04/2017,6.51,6.53,6.8929,6.9418,6.5
27/04/2017,6.48,6.49,6.9013,6.945,6.5
28/04/2017,6.67,6.69,6.8925,6.9486,6.5
02/05/2017,6.66,6.72,6.8935,6.9506,6.5
03/05/2017,6.5,6.52,6.8954,6.9575,6.5
04/05/2017,6.47,6.47,6.8967,6.9604,6.5
05/05/2017,6.47,6.48,6.8952,6.9575,6.5
08/05/2017,6.47,6.49,6.8947,6.96,6.5
09/05/2017,6.53,6.54,6.89,6.9666,6.5
10/05/2017,6.52,6.53,6.8898,6.9626,6.5
11/05/2017,6.53,6.55,6.893,6.9618,6.5
12/05/2017,6.53,6.55,6.895,6.9693,6.5
15/05/2017,6.53,6.55,6.8906,6.9756,6.5
16/05/2017,6.5,6.51,6.8885,6.9725,6.5
17/05/2017,6.48,6.48,6.8876,6.94,6.5
18/05/2017,6.52,6.55,6.8858,6.9541,6.75
19/05/2017,6.76,6.76,6.8896,6.9598,6.75
22/05/2017,6.71,6.7,7.0979,7.1879,6.75
23/05/2017,6.64,6.65,7.1145,7.1891,6.75
24/05/2017,6.78,6.8,7.12,7.195,6.75
25/05/2017,6.8,6.82,7.13,7.1925,6.75
26/05/2017,6.76,6.78,7.1335,7.1993,6.75
29/05/2017,6.79,6.81,7.14,7.215,6.75
30/05/2017,6.77,6.77,7.145,7.2175,6.75
31/05/2017,6.84,6.83,7.1471,7.23,6.75
01/06/2017,6.81,6.85,7.15,7.2425,6.75
02/06/2017,6.77,6.79,7.15,7.245,6.75
05/06/2017,6.8,6.83,7.1556,7.2451,6.75
06/06/2017,6.79,6.83,7.155,7.25,6.75
07/06/2017,6.75,6.76,7.16,7.2624,6.75
08/06/2017,6.73,6.74,7.1585,7.2698,6.75
09/06/2017,6.74,6.75,7.1648,7.2708,6.75
12/06/2017,6.74,6.76,7.1661,7.2725,6.75
13/06/2017,6.75,6.77,7.19,7.31,6.75
14/06/2017,6.75,6.77,7.1875,7.3,6.75
15/06/2017,6.83,6.86,7.1873,7.295,6.75
16/06/2017,6.86,6.89,7.185,7.2973,6.75
19/06/2017,6.74,6.74,7.1899,7.3009,6.75
20/06/2017,6.71,6.72,7.1929,7.3075,6.75
21/06/2017,6.73,6.73,7.1975,7.3099,6.75
22/06/2017,6.91,6.93,7.202,7.3109,7
23/06/2017,6.98,6.98,7.21,7.3215,7
26/06/2017,6.98,6.98,7.3465,7.42,7
27/06/2017,6.95,6.95,7.34,7.4025,7
28/06/2017,6.95,6.94,7.33,7.395,7
29/06/2017,6.98,7,7.3492,7.39,7
30/06/2017,7.11,7.09,7.36,7.39,7
03/07/2017,7.07,7.1,7.365,7.3969,7
04/07/2017,7.12,7.16,7.3696,7.4048,7
05/07/2017,6.99,7.01,7.37,7.4021,7
06/07/2017,7.02,7.02,7.37,7.3875,7
07/07/2017,7.02,7.02,7.3691,7.385,7
10/07/2017,7.02,7.02,7.365,7.3875,7
11/07/2017,7.05,7.06,7.3527,7.37,7
12/07/2017,7.06,7.07,7.3525,7.3675,7
13/07/2017,7.09,7.1,7.3425,7.3625,7
14/07/2017,7.07,7.08,7.355,7.375,7
17/07/2017,7.02,7.01,7.3612,7.3675,7
18/07/2017,7.03,7.03,7.365,7.38,7
19/07/2017,7.07,7.09,7.3675,7.385,7
20/07/2017,7.05,7.06,7.3675,7.385,7
21/07/2017,7.03,7.03,7.3751,7.3825,7
24/07/2017,7.01,7.02,7.3675,7.3775,7
25/07/2017,7.02,7.03,7.3725,7.385,7
26/07/2017,7.03,7.04,7.3725,7.3875,7
27/07/2017,7.07,7.09,7.3763,7.3867,7
28/07/2017,7.06,7.06,7.376,7.3812,7
31/07/2017,7.08,7.1,7.3811,7.3816,7
01/08/2017,7.08,7.1,7.3775,7.3862,7
02/08/2017,7.07,7.09,7.375,7.3862,7
03/08/2017,7.02,7.03,7.3715,7.3797,7
04/08/2017,7.03,7.03,7.373,7.3819,7
07/08/2017,7.03,7.04,7.3775,7.39,7
08/08/2017,7.03,7.04,7.3725,7.385,7
09/08/2017,7,7,7.378,7.3856,7
10/08/2017,7.01,7.02,7.381,7.3846,7
11/08/2017,7.01,7.02,7.3811,7.3896,7
14/08/2017,7.02,7.03,7.375,7.3875,7
15/08/2017,7.05,7.07,7.3721,7.3785,7
16/08/2017,7.06,7.08,7.3785,7.3873,7
17/08/2017,7.02,7.03,7.3781,7.385,7
18/08/2017,7.06,7.08,7.3762,7.3825,7
21/08/2017,7.06,7.07,7.3799,7.3893,7
22/08/2017,7.03,7.04,7.3775,7.385,7
23/08/2017,7.04,7.05,7.375,7.3875,7
24/08/2017,7.02,7.03,7.3725,7.385,7
25/08/2017,7.01,7.02,7.37,7.38,7
28/08/2017,7.02,7.04,7.3725,7.385,7
29/08/2017,6.99,7,7.3709,7.3775,7
30/08/2017,6.99,7,7.3708,7.375,7
31/08/2017,7.08,7.11,7.3825,7.3853,7
01/09/2017,7.06,7.08,7.378,7.3875,7
04/09/2017,7.05,7.06,7.3768,7.385,7
05/09/2017,7.02,7.03,7.3725,7.385,7
06/09/2017,7.02,7.03,7.3726,7.385,7
07/09/2017,7.03,7.04,7.3775,7.3905,7
08/09/2017,7.02,7.03,7.369,7.38,7
11/09/2017,7.04,7.05,7.375,7.3875,7
12/09/2017,7.09,7.11,7.3725,7.3787,7
13/09/2017,7.02,7.03,7.375,7.3875,7
14/09/2017,7.09,7.11,7.37,7.385,7
15/09/2017,7,7.02,7.3765,7.39,7
18/09/2017,7.01,7.03,7.375,7.39,7
19/09/2017,7.11,7.13,7.376,7.3862,7
20/09/2017,7,7.02,7.3775,7.39,7
21/09/2017,7.08,7.14,7.3801,7.39,7
22/09/2017,6.99,7.01,7.3767,7.39,7
25/09/2017,6.99,6.99,7.3818,7.385,7
26/09/2017,6.94,6.95,7.3784,7.3865,7
27/09/2017,6.98,6.98,7.385,7.3882,7
28/09/2017,7,7.01,7.38,7.385,7
29/09/2017,7.06,7.05,7.3794,7.3846,7
02/10/2017,7.06,7.09,7.3725,7.3788,7
03/10/2017,7.03,7.04,7.3725,7.3845,7
04/10/2017,7.02,7.04,7.3675,7.3775,7
05/10/2017,7.02,7.04,7.3762,7.3869,7
06/10/2017,7.09,7.11,7.3757,7.38,7
09/10/2017,7.03,7.05,7.3755,7.376,7
10/10/2017,7.02,7.03,7.3773,7.388,7
11/10/2017,7.08,7.13,7.3798,7.39,7
12/10/2017,7.08,7.11,7.382,7.385,7
13/10/2017,7.01,7.03,7.3866,7.3862,7
16/10/2017,7.02,7.03,7.38,7.412,7
17/10/2017,7.02,7.03,7.3765,7.405,7
18/10/2017,7.01,7.02,7.3825,7.415,7
19/10/2017,7.04,7.06,7.3875,7.4175,7
20/10/2017,7,7.01,7.385,7.4175,7
23/10/2017,7,7.01,7.385,7.419,7
24/10/2017,7.04,7.06,7.3763,7.4,7
25/10/2017,6.99,7.01,7.3805,7.415,7
26/10/2017,7,7.02,7.3836,7.4225,7
27/10/2017,7,7.01,7.38,7.4185,7
30/10/2017,6.96,6.96,7.3725,7.406,7
31/10/2017,7.02,7,7.3825,7.42,7
01/11/2017,7.02,7.04,7.375,7.41,7
03/11/2017,7.1,7.12,7.3744,7.4075,7
06/11/2017,7.01,7.04,7.3798,7.4158,7
07/11/2017,7,7.01,7.3831,7.4129,7
08/11/2017,7.01,7.01,7.3775,7.4075,7
09/11/2017,7.01,7.01,7.3838,7.4163,7
10/11/2017,7.01,7.02,7.3834,7.4081,7
13/11/2017,7.01,7.01,7.3825,7.4075,7
14/11/2017,7.02,7.02,7.377,7.4025,7
15/11/2017,7.01,7.02,7.38,7.4075,7
16/11/2017,7.01,7.02,7.3806,7.4116,7
17/11/2017,7,7.01,7.3796,7.4048,7
21/11/2017,7.01,7.02,7.3767,7.3975,7
22/11/2017,7.02,7.02,7.3735,7.395,7
23/11/2017,6.99,6.99,7.3714,7.3975,7
24/11/2017,7,7,7.3832,7.4225,7
27/11/2017,7.02,7.03,7.3825,7.43,7
28/11/2017,7.05,7.07,7.3824,7.4225,7
29/11/2017,7,7,7.3825,7.4375,7
30/11/2017,7.06,7.06,7.3875,7.45,7
01/12/2017,7.1,7.1,7.3911,7.4525,7
04/12/2017,7.03,7.03,7.3855,7.4412,7
05/12/2017,7.04,7.07,7.388,7.44,7
06/12/2017,7.04,7.06,7.3875,7.4475,7
07/12/2017,7.07,7.08,7.3925,7.455,7
08/12/2017,7.05,7.08,7.3916,7.4475,7
11/12/2017,7.08,7.11,7.401,7.4603,7
13/12/2017,7.17,7.21,7.4275,7.5035,7
14/12/2017,7.33,7.33,7.45,7.547,7.25
15/12/2017,7.3,7.3,7.46,7.5825,7.25
18/12/2017,7.31,7.31,7.595,7.664,7.25
19/12/2017,7.3,7.3,7.6004,7.66,7.25
20/12/2017,7.3,7.3,7.6069,7.66,7.25
21/12/2017,7.3,7.31,7.6109,7.6627,7.25
22/12/2017,7.31,7.31,7.6177,7.6666,7.25
26/12/2017,7.29,7.3,7.621,7.64,7.25
27/12/2017,7.3,7.31,7.624,7.655,7.25
28/12/2017,7.35,7.36,7.625,7.6575,7.25
29/12/2017,7.38,7.36,7.6241,7.6556,7.25
02/01/2018,7.31,7.32,7.6311,7.665,7.25
03/01/2018,7.36,7.39,7.6275,7.6615,7.25
04/01/2018,7.3,7.3,7.625,7.67,7.25
05/01/2018,7.26,7.26,7.625,7.67,7.25
08/01/2018,7.26,7.26,7.6292,7.67,7.25
09/01/2018,7.26,7.26,7.6282,7.665,7.25
10/01/2018,7.26,7.27,7.63,7.665,7.25
11/01/2018,7.27,7.27,7.6298,7.6725,7.25
12/01/2018,7.28,7.28,7.6299,7.6768,7.25
15/01/2018,7.28,7.27,7.6325,7.695,7.25
16/01/2018,7.28,7.28,7.6343,7.705,7.25
17/01/2018,7.27,7.29,7.6287,7.7025,7.25
18/01/2018,7.31,7.33,7.6334,7.7114,7.25
19/01/2018,7.39,7.4,7.6318,7.71,7.25
22/01/2018,7.26,7.27,7.635,7.7241,7.25
23/01/2018,7.26,7.27,7.6428,7.725,7.25
24/01/2018,7.28,7.3,7.645,7.74,7.25
25/01/2018,7.28,7.27,7.6475,7.735,7.25
26/01/2018,7.29,7.29,7.6441,7.7175,7.25
29/01/2018,7.27,7.27,7.645,7.7252,7.25
30/01/2018,7.27,7.27,7.655,7.735,7.25
31/01/2018,7.4,7.39,7.6625,7.7443,7.25
01/02/2018,7.35,7.35,7.66,7.74,7.25
02/02/2018,7.37,7.38,7.6643,7.73,7.25
06/02/2018,7.28,7.27,7.665,7.745,7.25
07/02/2018,7.27,7.26,7.675,7.75,7.25
08/02/2018,7.41,7.42,7.6862,7.7627,7.5
09/02/2018,7.45,7.51,7.7056,7.7829,7.5
12/02/2018,7.53,7.52,7.84,7.9,7.5
13/02/2018,7.53,7.52,7.84,7.9071,7.5
14/02/2018,7.54,7.53,7.832,7.9,7.5
15/02/2018,7.56,7.56,7.835,7.89,7.5
16/02/2018,7.57,7.58,7.8325,7.885,7.5
19/02/2018,7.54,7.54,7.825,7.885,7.5
20/02/2018,7.51,7.5,7.8125,7.88,7.5
21/02/2018,7.53,7.54,7.8312,7.8793,7.5
